{"schemaVersion":"1.0","appDefinitionTemplate":{"id":"/providers/Microsoft.PowerApps/apps/","type":"Microsoft.PowerApps/apps","tags":{"primaryDeviceWidth":"1366","primaryDeviceHeight":"768","supportsPortrait":"false","supportsLandscape":"true","primaryFormFactor":"Tablet","showStatusBar":"false","publisherVersion":"3.24121.10","minimumRequiredApiVersion":"2.2.0","hasComponent":"false","hasUnlockedComponent":"false","isUnifiedRootApp":"false","sienaVersion":"20241211T164235Z-3.24121.10.0"},"properties":{"appVersion":"2024-12-11T16:42:35Z","lifeCycleId":"Published","createdByClientVersion":{"major":3,"minor":24121,"build":10,"revision":0,"majorRevision":0,"minorRevision":0},"minClientVersion":{"major":3,"minor":24121,"build":10,"revision":0,"majorRevision":0,"minorRevision":0},"backgroundColor":"RGBA(0,176,240,1)","backgroundImageUri":"/1788838344639926919/N1fe80861-3cec-475b-acf3-45285e67a7ed-logoSmallFile","displayName":"Pleater Line DMS for Management","description":"","commitMessage":"","appUris":{"documentUri":{"value":"/1788838344639926919/Nb9adb50f-2dd4-49f6-8561-3b493c887e66-document.msapp"},"imageUris":[],"additionalUris":[{"isSolutionAware":false,"value":"/1788838344639926919/N880b86b1-ba82-4d0b-8fa2-3dc316658a10-identity.json"}]},"createdTime":"0001-01-01T00:00:00Z","lastModifiedTime":"0001-01-01T00:00:00Z","sharedGroupsCount":0,"sharedUsersCount":0,"connectionReferences":{"1e0697f5-61ae-4b2a-a5b5-cb29ce37f984":{"id":"d01686ea-018c-44e0-b755-d85fdc8b7404","displayName":"Office 365 Users","iconUri":"https://connectoricons-prod.azureedge.net/releases/v1.0.1718/1.0.1718.3951/office365users/icon.png","dataSources":["Office365Users"],"dependencies":[],"dependents":[],"parameterHints":{},"parameterHintsV2":{},"isOnPremiseConnection":false,"bypassConsent":false,"dataSets":{},"apiTier":"Standard","isCustomApiConnection":false,"actions":["SearchUser"]},"eb942ade-9baf-4807-aa9b-2ca830f286af":{"id":"4ba87b14-65e2-47bc-8764-39770e496677","displayName":"SharePoint","iconUri":"https://connectoricons-prod.azureedge.net/releases/v1.0.1723/1.0.1723.3984/sharepointonline/icon.png","dataSources":["BugReports","FE_Express_DT_Events","FE_Constraints","Roll_Data_Filtered_SPL","FE_Analysis"],"dependencies":[],"dependents":[],"parameterHints":{},"parameterHintsV2":{},"isOnPremiseConnection":false,"bypassConsent":false,"dataSets":{"https://mdigital.sharepoint.com/sites/RaysTest":{"dataSources":{"BugReports":{"tableName":"1f64b3c2-b434-4e02-b624-5c8d615541d2"},"FE_Express_DT_Events":{"tableName":"7de53572-5f27-4276-accb-ad81a59b1de9"},"FE_Constraints":{"tableName":"bf5e905e-cc57-4f48-a7e7-81d881723c18"},"Roll_Data_Filtered_SPL":{"tableName":"234b2252-fd54-40f3-8082-b041b937c004"},"FE_Analysis":{"tableName":"a58f1476-026f-4655-88f6-5c1d69043c89"}}}},"apiTier":"Standard","isCustomApiConnection":false,"actions":["providers/PowerPlatform.Governance/Operations/Read","providers/PowerPlatform.Governance/Operations/Write"]}},"databaseReferences":{},"almMode":"Environment","performanceOptimizationEnabled":false,"canConsumeAppPass":false,"enableModernRuntimeMode":false,"executionRestrictions":{"isTeamsOnly":false,"dataLossPreventionEvaluationResult":{"status":"Compliant","lastEvaluationDate":"2024-10-11T11:33:33.6810346Z","violations":[],"violationsByPolicy":[],"violationErrorMessage":"The app uses the following connectors: ."}}},"appType":"ClassicCanvasApp","appComponents":[]}}