{"schemaVersion":"1.0","appDefinitionTemplate":{"id":"/providers/Microsoft.PowerApps/apps/","type":"Microsoft.PowerApps/apps","tags":{"primaryDeviceWidth":"1366","primaryDeviceHeight":"768","sienaVersion":"20240903T145359Z-3.24083.14.0","deviceCapabilities":"","supportsPortrait":"false","supportsLandscape":"true","primaryFormFactor":"Tablet","publisherVersion":"3.24083.14","minimumRequiredApiVersion":"2.2.0","hasComponent":"false","hasUnlockedComponent":"false","optimizedForTeamsMeeting":"false","showStatusBar":"false","isUnifiedRootApp":"false"},"properties":{"appVersion":"2024-09-03T14:53:59Z","lifeCycleId":"Published","createdByClientVersion":{"major":3,"minor":24083,"build":14,"revision":0,"majorRevision":0,"minorRevision":0},"minClientVersion":{"major":3,"minor":24083,"build":14,"revision":0,"majorRevision":0,"minorRevision":0},"backgroundColor":"rgba(127, 178, 57, 1)","backgroundImageUri":"/17456583510231434672/Nba620021-86de-47ca-9e83-66517ea6a8de-logoSmallFile","displayName":"Encapsulation DMS for Production","description":"The Encapsulation Daily Management System app for production. This application collects hourly records for unit attainment and downtime.","commitMessage":"","appUris":{"documentUri":{"value":"/17456583510231434672/N6a29c8c6-3f18-4277-a787-fecd14ff3f08-document.msapp"},"imageUris":[],"additionalUris":[{"isSolutionAware":false,"value":"/17456583510231434672/N93a67bd7-ea50-425a-82f9-d989fe1072b5-identity.json"}]},"createdTime":"0001-01-01T00:00:00Z","lastModifiedTime":"0001-01-01T00:00:00Z","sharedGroupsCount":0,"sharedUsersCount":0,"connectionReferences":{"426f47d8-42f8-45c7-94b4-2ccf14d76801":{"id":"bd4b1ef2-571a-4a16-ab6e-4f5804df2ff8","displayName":"SharePoint","iconUri":"https://connectoricons-prod.azureedge.net/u/jayawan/releases/v1.0.1697/1.0.1697.3786/sharepointonline/icon.png","dataSources":["Encapsulation Reject Database","Encapsulation Schedule","Production","Downtime","Goal_Settings","BugReports","Target_Analysis","Material Requests"],"dependencies":[],"dependents":["0a0d2627-fc85-46fa-9a10-6f1deeb3016c","f44de4d0-d120-4d8c-bf2d-ae25230a7b27","d0b2394a-c69f-4531-bc86-791b41dbe3d6"],"parameterHints":{},"parameterHintsV2":{},"isOnPremiseConnection":false,"bypassConsent":false,"dataSets":{"https://mdigital.sharepoint.com/sites/Jaffrey_OI/OEE%20DSP":{"dataSources":{"Encapsulation Reject Database":{"tableName":"4bf5f472-01f7-47ca-b2b5-a547622cc33e"}}},"https://mdigital.sharepoint.com/sites/Jaffrey_OI/Encapsulation_Schedule":{"dataSources":{"Encapsulation Schedule":{"tableName":"1d87bd9c-263a-4597-a012-c60345f80c06"}}},"https://mdigital.sharepoint.com/sites/RaysTest":{"dataSources":{"Production":{"tableName":"bde7230b-9638-46c8-959b-d34fe18a54cf"},"Downtime":{"tableName":"c7cef5de-025f-4d69-a450-292ffa78ecbc"},"Goal_Settings":{"tableName":"1f4730be-4bf8-4cac-9bce-6c51843f0da3"},"BugReports":{"tableName":"1f64b3c2-b434-4e02-b624-5c8d615541d2"},"Target_Analysis":{"tableName":"9e8a78fc-f905-489a-83d2-3e61334d59aa"}}},"https://mdigital.sharepoint.com/sites/Jaffrey_OI/Materials":{"dataSources":{"Material Requests":{"tableName":"ae5df01e-b004-421b-9f17-3db153bd4b3d"}}}},"apiTier":"Standard","isCustomApiConnection":false,"actions":["providers/PowerPlatform.Governance/Operations/Read","providers/PowerPlatform.Governance/Operations/Write","providers/PowerPlatform.Governance/Operations/Delete"]},"0a0d2627-fc85-46fa-9a10-6f1deeb3016c":{"id":"f98f91b4-7fd2-40c8-9e18-970ba59be043","displayName":"Logic flows","iconUri":"https://connectoricons-prod.azureedge.net/releases/v1.0.1697/1.0.1697.3784/logicflows/icon.png","dataSources":["flow_get_materials"],"dependencies":["426f47d8-42f8-45c7-94b4-2ccf14d76801"],"dependents":[],"parameterHints":{"workflowName":{"value":"5a8fb05f-558a-45a8-ad26-9cc4e583dc86"},"workflowEntityId":{},"426f47d8-42f8-45c7-94b4-2ccf14d76801":{"value":"shared_sharepointonline"}},"parameterHintsV2":{"workflowName":{"value":"5a8fb05f-558a-45a8-ad26-9cc4e583dc86"},"workflowEntityId":{},"shared_sharepointonline":{"value":"426f47d8-42f8-45c7-94b4-2ccf14d76801"}},"isOnPremiseConnection":false,"bypassConsent":false,"dataSets":{},"apiTier":"Standard","isCustomApiConnection":false,"actions":["Run"],"nestedActions":[{"id":"/providers/Microsoft.PowerApps/apis/shared_sharepointonline/apiOperations/GetItems","apiName":"SharePoint","actionName":"GetItems","referencedResources":[{"key":"site","value":"https://mdigital.sharepoint.com/sites/Jaffrey_OI/Materials"},{"key":"list","value":"ae5df01e-b004-421b-9f17-3db153bd4b3d"}]}]},"f44de4d0-d120-4d8c-bf2d-ae25230a7b27":{"id":"f98f91b4-7fd2-40c8-9e18-970ba59be043","displayName":"Logic flows","iconUri":"https://connectoricons-prod.azureedge.net/releases/v1.0.1697/1.0.1697.3784/logicflows/icon.png","dataSources":["flow_get_downtime_range_v2"],"dependencies":["426f47d8-42f8-45c7-94b4-2ccf14d76801"],"dependents":[],"parameterHints":{"workflowName":{"value":"c37189f7-eaee-4549-ba31-8d1b40f9dcbf"},"workflowEntityId":{},"workflowDisplayName":{"value":"flow_get_downtime_range_v2"},"426f47d8-42f8-45c7-94b4-2ccf14d76801":{"value":"shared_sharepointonline"}},"parameterHintsV2":{"workflowName":{"value":"c37189f7-eaee-4549-ba31-8d1b40f9dcbf"},"workflowEntityId":{},"workflowDisplayName":{"value":"flow_get_downtime_range_v2"},"shared_sharepointonline":{"value":"426f47d8-42f8-45c7-94b4-2ccf14d76801"}},"isOnPremiseConnection":false,"bypassConsent":false,"dataSets":{},"apiTier":"Standard","isCustomApiConnection":false,"nestedActions":[{"id":"/providers/Microsoft.PowerApps/apis/shared_sharepointonline/apiOperations/GetItems","apiName":"SharePoint","actionName":"GetItems","referencedResources":[{"key":"site","value":"https://mdigital.sharepoint.com/sites/RaysTest"},{"key":"list","value":"c7cef5de-025f-4d69-a450-292ffa78ecbc"}]}]},"d0b2394a-c69f-4531-bc86-791b41dbe3d6":{"id":"f98f91b4-7fd2-40c8-9e18-970ba59be043","displayName":"Logic flows","iconUri":"https://connectoricons-prod.azureedge.net/releases/v1.0.1697/1.0.1697.3784/logicflows/icon.png","dataSources":["flow_get_units_range_v2"],"dependencies":["426f47d8-42f8-45c7-94b4-2ccf14d76801"],"dependents":[],"parameterHints":{"workflowName":{"value":"4abc69e6-3d7c-4375-908b-d11dc34987d8"},"workflowEntityId":{},"workflowDisplayName":{"value":"flow_get_units_range_v2"},"426f47d8-42f8-45c7-94b4-2ccf14d76801":{"value":"shared_sharepointonline"}},"parameterHintsV2":{"workflowName":{"value":"4abc69e6-3d7c-4375-908b-d11dc34987d8"},"workflowEntityId":{},"workflowDisplayName":{"value":"flow_get_units_range_v2"},"shared_sharepointonline":{"value":"426f47d8-42f8-45c7-94b4-2ccf14d76801"}},"isOnPremiseConnection":false,"bypassConsent":false,"dataSets":{},"apiTier":"Standard","isCustomApiConnection":false,"nestedActions":[{"id":"/providers/Microsoft.PowerApps/apis/shared_sharepointonline/apiOperations/GetItems","apiName":"SharePoint","actionName":"GetItems","referencedResources":[{"key":"site","value":"https://mdigital.sharepoint.com/sites/RaysTest"},{"key":"list","value":"bde7230b-9638-46c8-959b-d34fe18a54cf"}]}]},"1e448c2b-2447-452b-a5cb-58a01d6cda36":{"id":"df7d10e8-a48c-4a86-b0c2-a8d33dde670a","displayName":"Office 365 Users","iconUri":"https://connectoricons-prod.azureedge.net/releases/v1.0.1702/1.0.1702.3810/office365users/icon.png","dataSources":["Office365Users"],"dependencies":[],"dependents":[],"parameterHints":{},"parameterHintsV2":{},"isOnPremiseConnection":false,"bypassConsent":false,"dataSets":{},"apiTier":"Standard","isCustomApiConnection":false,"actions":["SearchUser"]}},"databaseReferences":{},"almMode":"Environment","performanceOptimizationEnabled":true,"canConsumeAppPass":false,"enableModernRuntimeMode":false,"executionRestrictions":{"isTeamsOnly":false,"dataLossPreventionEvaluationResult":{"status":"Compliant","lastEvaluationDate":"2024-09-03T14:54:03.9157757Z","violations":[],"violationsByPolicy":[],"violationErrorMessage":"The app uses the following connectors: shared_sharepointonline, shared_logicflows, shared_office365users."},"httpActionRestriction":{"appUsesSharepointHttpAction":false,"enforcementStrategy":"Legacy","evaluationTime":"2024-09-03T14:54:03.9153015Z"}}},"appType":"ClassicCanvasApp","appComponents":[]}}