{"__Version":"0.1","App":"d9c0ec2c-2b96-4161-82fc-8454fb944a2a","Test_7F478737223C4B69":"24a7aae5-ac64-416e-99d9-b2e86402fa9d","Host":"78fe7c50-1bb0-4602-95c8-e78c75f2125f","Rejects":"1feaf2d9-6ba3-480d-bdc2-ea82721cf3d3","r_layout":"faed0f9c-1094-4167-b4d0-df3742cf72a9","r_header":"60b017f1-e836-4a63-8774-aa17a13e5a20","r_exit":"d401b113-249f-430b-89b8-8e3648f016a3","r_logo":"2b7f6a11-5e44-4661-a43b-39f072139156","r_h_title":"0e8f7d4d-7430-4e76-9aa5-6bb13464ad7a","r_h_padding":"cd9a5f69-7a65-4d8b-b881-0b4ccc66a53b","r_submit":"21f9ce6b-2b48-424f-bd83-630c9aca563b","r_cancel":"84b63de3-0620-467e-ab7f-d7e406f85a0e","r_body":"c1d04e5b-4e4b-4cb4-99a7-3867af0cb6f5","r_form":"ba0d475f-5c80-4220-9dd3-fa8aafa8776a","ri_m_f_date_datacard":"97a055c1-b48e-4f51-a6a3-5d90876becd4","ri_m_f_date_title":"06cad02f-5fb8-4392-9afe-5323b9f9f728","ri_m_f_date_value":"b6f8cfe9-b996-456e-8545-2682bed8c000","ri_m_f_date_error":"9f6054a1-547b-4863-a9fd-cbe3b6333f64","ri_m_f_date_star":"b69d7068-af67-4936-aa73-f53a23861f15","ri_m_f_name_datacard":"6484493b-d661-4cdb-9e04-7a120f3ea3bf","ri_m_f_name_title":"8da61c2b-839f-4a24-9804-ca3ace9df5e6","ri_m_f_name_value":"1656f2ac-cd50-4dcb-bfd8-eefbd47df474","ri_m_f_name_error":"055ed545-40c6-4079-8ffd-4ce08f747d58","ri_m_f_name_star":"85e5f2f5-ffe1-4981-9d48-515a26641d3f","ri_m_f_shift_datacard":"528acdb7-9a07-43fa-b2b1-662d11dfc30e","ri_m_f_shift_title":"cdd8fd5d-e780-4274-b2df-3bc7c661e9ef","ri_m_f_shift_value":"b9bd631d-3db0-4e10-af3e-2455ef99af65","ri_m_f_shift_error":"4c91d345-038a-4354-8f86-d8c3c910a11f","ri_m_f_shift_star":"cd9c1bf0-3e6b-488f-891e-fd660b70a560","ri_m_f_cat_datacard":"2e7e3dfd-ef31-431f-b829-dd0c83b0428a","ri_m_f_cat_title":"01faa112-f697-4bb9-a60b-201fb8e824ba","ri_m_f_cat_value":"37d27248-2b44-4d72-a10a-f36195a5a44c","ri_m_f_cat_error":"5f933bd5-7688-4c81-a5e0-5ac4517bb483","ri_m_f_cat_star":"c8b584a2-fc7f-4c8a-8e86-738fdce17cad","ri_m_f_lot_datacard":"68f493cf-0d6c-4b6a-a0e7-0aa3ccc10d19","ri_m_f_lot_title":"1a47e50b-5595-4037-9956-adaf1c56cd95","ri_m_f_lot_value":"69557387-9bfc-4817-b054-ca4307a2cda6","ri_m_f_lot_error":"32fdbc06-f93a-426f-87df-11f896c21edb","ri_m_f_lot_star":"bad64e3a-4209-4969-a4db-e5cb982775b7","ri_m_f_line_datacard":"93498d8c-ca10-4881-8c8d-92d4d01a71c8","ri_m_f_line_title":"a37ac7ac-2550-43b2-9ab1-42460e808a2e","ri_m_f_line_value":"e7996a6a-e2df-4570-a59e-f3b5e228f5c5","ri_m_f_line_error":"89ffc805-19b8-48c8-b627-106bec0cd900","ri_m_f_line_star":"642cba63-5708-472f-ac24-bb3b05c89fdf","ri_m_f_reason_datacard":"6000ef6d-d132-4db5-811a-1c5e5ba6366c","ri_m_f_reason_title":"dde5ff2d-2645-4374-b0e8-04e45bb116d8","ri_m_f_reason_value":"5e38f4d4-2410-485b-84fe-6ff4ec88d534","ri_m_f_reason_error":"37f47049-0c8d-4201-9408-53585b5c5c24","ri_m_f_reason_star":"e6f274f6-ce9b-4973-a0f6-511f9955dacb","ri_m_f_location_datacard":"2146c0f8-befc-4398-90ca-a2bb87908c0a","ri_m_f_location_title":"f2127c7a-95f1-494a-98e0-eedb69049f41","ri_m_f_location_value":"fb10bd43-6eec-4b65-a70b-294b59484b74","ri_m_f_location_error":"18244f08-4719-4079-a429-9aff3ec8707a","ri_m_f_location_star":"ebb6ecdd-4cb9-4d39-86da-618c4e9f6623","ri_m_f_quantity_datacard":"8b8934a6-0308-4645-b22c-08050a53445b","ri_m_f_quantity_title":"af20d2dd-2cc1-4481-8a84-d248459c9abb","ri_m_f_quantity_value":"ca48bea3-b218-4981-84d1-65d39a393d29","ri_m_f_quantity_error":"c345ccf0-4c27-48b6-8126-11b5ff05ed5d","ri_m_f_quantity_star":"8f61194c-c837-47cc-9a2e-31d650d6d5b9","ri_m_f_comments_datacard":"c3cb6621-5a90-47b7-8005-08e60ca51588","ri_m_f_comments_star":"adcd3d88-9125-424e-8c03-eccf87162292","ri_m_f_comments_title":"1242d07b-f372-4380-ad72-7e4f323e8c60","ri_m_f_comments_value":"a583cae7-99f9-46b2-8f46-e749c4ddad35","ri_m_f_comments_error":"aae600d3-29d7-4efb-9845-aefba49dd916","r_error":"7b6e283d-03d8-41d1-8bdc-751a016dc625","r_e_text":"70846ace-3de2-402b-8c44-7ba03cb9d8c9","r_e_cancel":"2e5e28a1-d738-417b-bf88-6865ddda94a0","Materials":"8e9daa99-ac53-4e63-aea0-85d8b9243cfa","m_layout":"2a497797-6017-4b9f-b95a-3f9d210517a8","m_header":"359427f1-8dfe-4cbb-99af-23713c105e49","m_update":"f44e569c-03fd-48d7-8e85-27aa20cf5210","m_exit":"bf11a653-02cb-4f47-ad0d-53ce91e610ee","m_logo":"625a4616-37c5-4663-a22b-7fca43da7fd0","m_h_title":"dc325df6-9b2c-4d1e-8f78-84b801b0dd7a","m_h_padding":"32a351e3-fb2b-459f-aea9-ce93a75b2681","m_h_submit":"33eeeea2-5c96-4561-acf6-3c2d9f4fc775","m_h_cancel":"fd9565e7-b9d3-49c8-84b8-2d877973e5db","m_body":"be65ef3e-7c09-4d1b-8b97-229586a450aa","m_m_request":"57178e72-a8d6-4fed-8c1b-6ab1db7790c3","m_m_r_form":"547e24c6-d3a1-4839-b4dc-e740382503ae","m_m_r_f_line_datacard":"46e45d5c-cd3c-485e-8d98-74ff1a60e8e2","m_m_r_f_line_star":"6aab16de-af23-44d5-b7e0-7e3b04bb8eb0","m_m_r_f_line_title":"4b0da3d0-2a77-4236-8175-9c4cbb412e08","m_m_r_f_line_value":"26a6a342-49a0-4ee7-9864-a2ac27b34058","m_m_r_f_line_error":"5a6122e2-98ac-4980-9642-2adf1f30103e","m_m_r_f_workorder_datacard":"ad4775d6-cc08-48f4-beb6-2802409d7fc2","m_m_r_f_workorder_star":"6ac7642a-d466-4f68-be0a-7336be5cfc08","m_m_r_f_workorder_title":"829c9aed-f35d-4aaa-b0ad-88c1cbdeb88f","m_m_r_f_workorder_value":"17d73b4f-1fbc-4a33-8723-83a1f9b45047","m_m_r_f_workorder_error":"21d721a2-6af0-4c55-9b06-2832eda54304","m_m_r_f_type_datacard":"52869281-df32-4e3d-95ee-9aff81a57284","m_m_r_f_type_star":"04bf124e-1967-4a93-b474-6bef10544c5b","m_m_r_f_type_title":"d654b39a-d306-43c2-9de7-58c32e9ef654","m_m_r_f_type_value":"878aeb6c-6524-4cb2-93af-45bc7bcc28f2","m_m_r_f_type_error":"3f7697df-11e1-4fec-af4e-9257715b6628","m_m_r_f_component_datacard":"f4faf359-3bde-4940-8a9d-5ec5c569d017","m_m_r_f_component_star":"34dede5c-c969-456d-81bf-825132243e00","m_m_r_f_component_title":"294783d0-343f-4787-8583-53d68a7082d4","m_m_r_f_component_value":"726cf24b-e50d-40d6-91f6-5ad6584f6bd7","m_m_r_f_component_error":"4eb25cec-20d8-4abd-863f-360a1fb235c9","m_m_r_f_quantity_datacard":"c230aa0a-ebb2-455c-a0fe-8cc902f5a445","m_m_r_f_quantity_star":"2372903b-9e8a-47dc-a990-3cc0945c6207","m_m_r_f_quantity_title":"5a93b5a8-dbfb-40ed-bd78-34a582b753a2","m_m_r_f_quantity_value":"2963eaf5-5647-4a34-b6a8-b81b7f1273bd","m_m_r_f_quantity_error":"b726fcfd-eac4-42c5-983c-5755300c9dba","m_m_r_f_units_datacard":"10302228-b0f8-41d1-bbff-821b6944b22d","m_m_r_f_units_star":"5eb7b540-21bf-4036-a048-a2eb162089d5","m_m_r_f_units_title":"a2811335-5a9c-4e6b-a80e-b10b1f508587","m_m_r_f_units_value":"026c3342-f4ef-4f48-a49f-ecb4e7960e93","m_m_r_f_units_error":"cd09c32b-0aaa-4077-974b-73cd5d507fc3","m_m_r_f_requester_datacard":"efcfa78d-cad0-4378-9db1-2e9b52c17ca6","m_m_r_f_requester_star":"9cd89746-2694-43aa-91ed-f9dbcee2c8c2","m_m_r_f_requester_title":"3b638188-df7f-4e56-b351-4bbc7c3bf709","m_m_r_f_requester_value":"a4507289-8533-4f9a-85d8-57b919cea1e0","m_m_r_f_requester_error":"1b3532ff-c9dd-49a0-bfba-251c48cc4d4d","m_m_r_f_minutes_datacard":"cc7b23e4-2fc0-4053-a275-319f17e953fc","m_m_r_f_minutes_star":"4471ad8b-0f62-42f2-9684-5fa1879de27d","m_m_r_f_minutes_title":"cc04fc37-32d4-47e4-8f61-054398b8b531","m_m_r_f_minutes_value":"4e08bf94-2a26-4c77-a474-6b6feb2f66e7","m_m_r_f_minutes_error":"4d1a7489-d1c2-4857-a2e8-7d6bde46a5c3","m_m_r_f_comments_datacard":"9c15fc4d-49af-419e-b465-de195f6a75d5","m_m_r_f_comments_star":"5f4d00ab-f73d-4141-bf30-6f0b9b23825e","m_m_r_f_comments_title":"9c23dbe7-1a7f-4020-93ed-6da636f30dcc","m_m_r_f_comments_value":"c65e32b7-cf80-4659-801c-487c13b14a3b","m_m_r_f_comments_error":"091f9a76-b872-4d63-a561-91050d3d75b8","m_m_r_f_delivered_datacard":"b6b8a13c-2c9c-4e24-9d4c-a450ab8e65df","m_m_r_f_delivered_star":"0862828a-0df9-4d2b-9b07-bd5f2beb5e54","m_m_r_f_delivered_title":"cfd43348-626f-46e3-9406-454bdd6ca933","m_m_r_f_delivered_value":"14b4f784-7ef1-4c83-88d2-9a915a99038f","m_m_r_f_delivered_error":"93089b50-46aa-4687-bf8d-8eb60ca88f66","m_m_view":"954614b4-1c6b-421a-8eb8-be158a8db2a5","m_m_v_gallery":"bae315c1-6f5e-4428-b2c8-469600bb5bdc","galleryTemplate1":"ec414ff3-419d-4b2c-a3c6-8795c8798999","m_m_v_g_created":"3adeefa4-9c72-40c2-b08f-a4c4c1d9c269","m_m_v_g_requester":"c566234b-26f3-4ece-a368-53f085e8f0d3","m_m_v_g_unit":"7aec0f28-6a9b-456f-bcca-1cf747d8ada0","m_m_v_g_quantity":"9c46a6b4-b5b7-4f9b-bc47-ef36bbc97280","m_m_v_g_component":"7e6c2043-bf92-4034-a242-343d35b8555c","m_m_v_g_type":"e747b9eb-ba19-41cd-af24-3175eeb1b08f","m_m_v_g_workorder":"1884f200-8377-452f-856e-53a346920db5","m_m_v_g_seperator":"0489bd4d-037d-44df-8bc1-ec0c9fb3caa5","m_m_v_header":"5a531103-6bf0-412d-ac41-dcc719285f13","m_m_v_h_created":"282e0b04-1878-494b-a0c6-8d3ff596e41a","m_m_v_h_requester":"ceb85d2b-dd32-4348-b7c7-8f57565255ad","m_m_v_h_units":"bb60221e-4e88-45ab-aff1-954775cb8cec","m_m_v_h_quantity":"92dc55c8-7b2d-4306-a711-7ad9874a6c93","m_m_v_h_component":"a982830e-49c6-4ef4-84e1-6fdef39dbc78","m_m_v_h_type":"4f28488c-a2bf-45a2-8ed4-2447643381f7","m_m_v_h_workorder":"5b67da9c-7480-4b28-9752-6ba5970bd7ac","m_error":"cc857180-12ee-4db2-a79a-35e07154bc4d","m_e_text":"2a4d9560-a000-4fdf-82df-1ca788072037","m_e_cancel":"b7246c30-f744-4606-929e-b3b5433d3899","Downtime_Screen":"4de8cca8-dafb-4122-b749-e17d5fa8de07","d_layout":"31c28a6d-e238-4c96-9373-4c9f5929f2d8","d_header":"2386350f-9392-4375-88e2-0ed92afc81b3","d_collect":"4a6907c9-62d3-4d2b-94b6-5e269f430926","d_back":"d0588d38-0eeb-423a-bc7f-724703cb6678","d_logo":"26156679-c795-4c0d-b52e-4ea540467613","d_h_title":"d288c641-2236-43ca-b4c1-b3a3e0918de1","d_h_padding":"68265af6-698b-461d-a50e-21f738293d94","d_submit":"dd6d58a6-71a0-48d1-9c08-e057d15b7063","d_cancel":"7c7c70b7-5243-42c3-bc30-fd7dbc4e02df","d_delete":"e8eb2c05-fc82-416f-99be-7e6d13f0023f","d_body":"fb220f7e-1d85-4c10-a003-2b0b38c7dfd5","d_m_form":"d830cb22-3f4f-4627-84d6-4d0eee0c688c","Catalog_DataCard1":"465b7535-4a28-4b63-b039-f2da9a323600","DataCardKey12":"f3e082e9-b8c2-457d-9b24-594c65917f13","StarVisible9":"91f2e142-f8d4-4c3a-8824-e0669336e837","DataCardValue10":"95ca2221-3f45-4e43-b0c6-49ea19d362bb","ErrorMessage9":"c5249f99-d59c-4b0c-be54-647a946ce33a","Lot_DataCard1":"a44bf885-1627-484c-8cf6-65bb1fbacb2d","DataCardKey11":"27e1694d-9de7-4571-b157-16081ca763f9","StarVisible8":"491e6d7a-324c-48ce-a61a-bdc521c5f421","DataCardValue9":"1b344729-c53e-476d-8f57-ab198b957046","ErrorMessage8":"47439843-0566-4f7a-8e68-0252d2990930","Started_DataCard1":"181fb2be-2216-4cf2-97ff-72d5ce59f095","DataCardKey3":"b29081a5-aa22-4327-9b47-2dced86b5a12","StarVisible3":"267e3274-d203-4449-a862-5e05ba3519b3","DateValue1":"de075a72-fab3-4ee0-b35d-e22973a73777","HourValue1":"d6e56794-9c61-43e1-94b5-45410e95751f","Separator1":"77232b84-a690-44b1-9e8d-f9f82262d148","MinuteValue1":"dc6e85e4-c3c0-40c9-841a-4b81a84fbc0e","ErrorMessage3":"66c9bcff-199e-4387-83c1-e1f25a8fa88a","ampm1":"90273a53-4496-4046-ab45-b463f022b88a","Ended_DataCard1":"cef5dcc2-2e2d-4f60-b00a-5534e64a559a","DataCardKey4":"63303969-805a-4c0d-8a10-17965d65d737","StarVisible4":"a594db05-c357-4c59-a0f9-da7d545c4651","DateValue2":"be8a4f5e-91aa-4c43-8225-95f190f1ceac","HourValue2":"b0aa153b-7e3c-4fe7-9c58-8bba41c577da","Separator2":"9bfd42dd-015e-4c65-9307-c11b67a4af57","MinuteValue2":"a468af9b-5d1a-46c5-a7f2-e41130182afc","ErrorMessage4":"03471104-1a7b-4c1e-870e-1a1d2fa760b5","ampm2":"0032e0d4-1728-4301-89d6-085b3aecc459","Label1":"354b5f3b-85e3-4b11-aaa2-994c277365dc","Line_DataCard1":"0547ed6b-19f8-4283-8ab8-8d76676619d3","DataCardKey1":"7d679aa4-20c4-424d-86a2-5a4573a9db2f","StarVisible1":"6980a1ba-a5cd-4a10-8c26-88f2a063c5b9","DataCardValue1":"e2cbeee5-04d5-4e91-9232-7ffb850cb65b","DataCardAlignedValue":"bb37c7dc-db41-495e-ad49-c8fd4da7d7d5","ErrorMessage1":"d780724c-4fef-4123-a04e-dcf0566972ff","Reason_DataCard1":"858d8c06-4d00-4413-b1b4-45400eccadec","DataCardKey2":"6b2d6e04-fd81-4a05-bf4d-d1ac04ba8aee","StarVisible2":"85e4c7a1-084d-4810-831b-fe5a850d68e4","DataCardValue2":"9cb3fec4-373e-4296-9c2f-5fe9ee2f86a9","ErrorMessage2":"3771a69d-8158-4820-9672-790fa209fa42","d_h_b_help":"09a77110-01c4-4d4f-a1ff-a3207cb4ae01","HelpMessage":"d470b5d8-4338-41b6-a30a-a40594b67b6e","Comments_DataCard1":"38465344-8390-4647-b196-aaa8e2890273","DataCardKey6":"6bf4a70d-7224-407e-8958-42f8ff4eaa71","StarVisible5":"b81009e6-d7b4-494c-bfdd-6b6e605182c5","DataCardValue4":"8cb4b681-c2da-4df1-99c3-b26f45ce0e64","ErrorMessage5":"4b8b4f41-9937-489c-96e2-cf5df2288edb","Edit_Person_DataCard1":"fe9aba8d-49d3-49f5-afd1-335c4c717c63","DataCardKey9":"ef2839ec-bbe6-4cc1-a80d-616f48d88806","StarVisible6":"b035b423-79ac-4c25-800f-024cc2ed8d14","DataCardValue7":"4c6607d4-2434-4bd1-828e-347491a67912","ErrorMessage6":"ebec0499-ac09-497f-a913-325966eb7308","Edit_Reason_DataCard1":"a1bcaa6d-8a19-4e82-9c87-19218f1026b5","DataCardKey10":"38222cf2-1eed-4423-9a9e-d289bd261b52","StarVisible7":"c03ee9c7-00d2-4970-9c18-83fbf1f824d3","DataCardValue8":"96eea2a7-1902-4921-a0cb-d8074e8e36bd","ErrorMessage7":"cf54220a-f12f-471d-96e2-6c5837aae28f","d_popups_parent":"fd3eea63-4dd6-4aa2-9e89-a142e2d08077","d_help_reasons":"498bf613-934e-4e57-a6f9-70ffb3284426","d_h_r_banner":"178bf82f-aac6-4e81-82b4-62d56d8cc4a5","d_h_r_close":"30b9f174-1813-4803-ae1c-b52b595f9f2c","d_h_r_gallery":"ed00a5d1-c838-4b9a-836b-b64b90e5ced7","galleryTemplate3":"d5ca4827-d237-4e20-a96e-9cf90d78a70b","d_h_r_g_reason":"2178433e-84bd-4f86-ac89-af522849160e","d_h_r_g_description":"6b932288-e1b0-473f-ba5b-2a3847d2557f","d_h_r_g_seperator":"6c61e473-39aa-4fbf-ac0c-0f7ca748545f","d_error_editor":"84bce643-0b24-4133-9530-dd35ae5d96bb","d_e_e_text":"2f556500-ac3f-4032-aff2-c8cfe19c1ab6","d_e_e_confirm":"eea09cb5-440a-416b-b734-1020ad8a9eed","d_error_time":"a2fa2646-1d70-45cb-b60c-66e356e97fdc","d_e_t_text":"2ce72163-e4f3-4044-8d71-8b727a983195","d_e_t_confirm":"ade0eb1b-e4a7-4208-b347-eef0defe7b3e","d_error_sum":"f4edda86-b78a-4d6e-810d-d141062cf323","d_e_s_text":"93a6b78b-837d-4926-b62e-faed46de5de8","d_e_s_confirm":"739f2f2d-15c6-4771-ac94-3414a1b091c2","d_error_overlap":"8b7b84c0-e4a7-42f3-a33f-509a0c9f7633","d_e_o_text":"daacf685-8805-47c7-8b96-a144c04d275b","d_e_o_confirm":"4a317948-787b-4844-abbf-a69c19ed1dca","d_error_delete":"dc911bf9-cef5-4494-8923-e908793d1857","d_e_d_text":"8530c473-1346-4958-be52-0bc3ac9cbacb","d_e_d_input":"2e8d9266-e6a8-4bf9-986d-c7420ff7b79d","d_e_d_cancel":"5bc68cd8-12fd-4c32-81f4-c356e311642c","d_e_d_submit":"0038752a-71a7-4b78-9065-809ccab11084","Login":"db16a867-c99f-4790-94ce-86cce1503f59","l_layout":"d527608e-07d6-4199-8a1d-29e265af524e","l_header":"33b6252e-fe4d-4d28-8572-03a02ac99e89","l_logo":"060b33f7-9563-4a32-a400-0df414c0c49e","l_h_title":"8a3238c2-acdf-4787-b1ba-39dcf15532d0","l_h_padding":"272fcfa0-8f01-400a-acf3-ccb979875b03","l_h_n_pallet":"2c5b2dd6-e0c8-4952-8bdb-562745864a92","l_h_n_bugs":"7307cf89-e104-4746-8539-2782def03c23","l_body":"cc7a5b63-9766-4920-bfbc-7aa7594ead86","l_b_title":"09f62508-fbe0-4fd4-90cf-6a0b262ba552","l_b_input":"799b1279-55d5-4afa-bd8b-bee3c50b20da","l_m_scanner":"17b6b295-5817-4a8b-813c-93c728d996fb","l_m_login":"c522a6c4-0246-4ade-a9f8-b09fd5bdf763","l_DEVMODE_PICKLINE":"bbaa7a96-7a4f-49ab-8676-f4438ec7c8bb","l_popups":"acd4e390-34b3-4de2-bb93-205734b2975c","l_p_success":"3b367032-3521-4dc2-9c41-6758a4a481e6","l_p_s_text":"d5d38426-e488-4d33-b508-5917addeda91","l_p_s_submit":"5d10e8c2-573b-4235-a2b9-1037905f166a","l_p_s_cancel":"7d42d7ef-6650-4d3d-87e9-d1ce0b650c55","l_p_failed":"e3adaaa2-111f-4603-8f94-b5198f367a10","l_p_f_text":"87c2672d-47da-4a5e-81ed-eb1025576636","l_p_f_confirm":"a2561245-655c-4fb1-b852-bae080cf29d7","l_p_pallet":"5275a15b-13d3-4b02-8429-e1d681a53419","l_p_p_text":"5308a241-6d47-41a7-9267-1c3f3463fd78","l_p_p_theme":"952a0535-b44a-4576-ad9a-4f6c423f1a8d","l_p_p_cancel":"25b7cec9-aa3d-4d9a-ab91-b67b33956c45","Scanner":"781d8645-c685-4269-a074-7a97bb4cd4fe","s_barcode_reader":"f58519c7-00b0-4d91-9ca8-703444a41dc6","s_timer":"e950547a-a88a-4e8a-b3eb-f68b13d86543","s_change_cam":"9d49f18b-30d8-44ea-a494-1975118cce42","scan_exit":"c5a74d66-33e1-45bc-b79b-413fa60af033","s_DEVMODE":"09197fb0-820a-4d29-b136-a7e6642dfad6","s_guide":"94409fef-66d9-46d3-b64a-22679da30090","s_DEVMODE_SCANRESULT":"37aea249-af3f-47cd-a060-063f706e41e4","s_DEVMODE_LINE":"1477aa8e-0605-45f7-bb52-8684d3169985","Bugs":"4637099d-ec90-4364-9e38-a6b7416659dd","b_layout":"c7fe2792-b820-4f42-b340-4a7cfcb70608","b_header":"a23d0284-cb6c-4f23-afc3-df7d74ba26ee","b_exit":"cb0794bb-7889-423f-8351-bc2818a1b927","b_logo":"0d32d8f5-674f-4723-92cd-ef6fe7099eab","b_h_title":"1d596c2c-650f-4fd3-b0b8-324740af8be0","b_h_padding":"681b4720-da4d-4e6b-af0e-de0d2ac72398","b_submit":"fdb06608-4c0b-4efb-b8c2-046867737387","b_cancel":"650c679d-abf8-41a4-93c6-3fc38eed4f09","b_body":"1aea4d32-7d49-4494-978f-b4e64071948e","b_form_parent":"14da0086-eec0-4580-8283-02816d52920c","b_form":"20518909-9b67-4557-89ee-30a7508419fa","User_DataCard1":"90af3c61-2074-4d41-85a8-8308b8558e39","DataCardValue6":"cb0b5f7e-1f68-4fdc-8a86-aa3cf2368b0f","StarVisible13":"5050d0bc-8c23-4147-b3a2-a52d1d662c40","DataCardKey13":"a40f654f-5b55-4d01-959c-465eafdd4204","ErrorMessage13":"7d17ca68-e92a-4fe7-80cb-ec67287f7b1e","Title_DataCard1":"073118db-5bcc-4550-8978-bc748ed57aae","DataCardValue3":"68d8d262-fa2e-4685-bf68-f149f004c1e9","StarVisible11":"923a43e1-a73e-4a11-9804-dbdb10370d0d","DataCardKey7":"e06d15a6-e222-4f38-9578-1138c9a08c83","ErrorMessage11":"36e06731-ee65-45d8-bca5-dc44aaf6fd40","Environment_DataCard1":"29d6eda7-c85b-4c25-8349-f403e4c19cdd","DataCardValue5":"e200a7e0-97de-4766-86d1-ad465111854b","StarVisible12":"1ee822bc-410e-4987-9771-24ad8ae01020","DataCardKey8":"845234b2-57c9-45fa-8fd9-284c70b36f71","ErrorMessage12":"2995e039-177f-4aa7-a38f-026dd361d657","Problem Type_DataCard1":"6a018c67-1861-433a-a095-258cd30e75fb","DataCardValue11":"f50a4378-2415-4208-a488-a660edec80ce","StarVisible14":"23c90dc8-54d9-4b68-aa60-3d8b91f4f9b5","DataCardKey14":"0d449aa1-9328-41d3-920d-185046894327","ErrorMessage14":"7d3ec3a9-f649-431d-81be-ce05c3f0dbfd","Expected_Result_DataCard1":"ecbccc83-53be-45f8-ac31-9f736ea8f4d5","DataCardValue12":"79a6ca54-8691-421c-a839-3dc97fb3ccaf","StarVisible15":"181e0d38-c4c0-4565-9a3b-84266ee9b15a","DataCardKey15":"85bbf5e9-56af-449b-9d2d-28c274f67c89","ErrorMessage15":"57c51a95-8e5b-42e1-840c-76bdc2c1b229","Actual_Result_DataCard1":"1d6a4a90-e5f4-432e-9d9e-cabd1c7e8551","DataCardValue14":"9d7d9c6c-79e4-40cb-85c8-262241708436","StarVisible17":"5681c328-e934-4793-9bac-fbf5ec229ef9","DataCardKey17":"af9dc7d5-569c-41c1-b93f-e1229799deca","ErrorMessage17":"4f639580-31a9-4a07-9c66-4c89a46253ae","Status_DataCard1":"6d27dcce-f61c-498c-93b4-95ec455ffced","DataCardValue16":"22d74167-4515-4b0c-ae1a-ab4d60b2d607","StarVisible19":"cdfcb495-1df6-42c2-bfeb-190f099a5312","DataCardKey19":"7f93cf69-60ed-47ac-b74a-6a59657b4f61","ErrorMessage19":"1d1f349a-51f0-45fb-8e50-ed3b16899f23","b_main":"e5ed5223-9e86-40f9-9efc-62ca7be75c78","Hourly":"07a170de-faea-4fe0-9d77-8d7640cabc5f","prod_layout":"dd849787-518e-43ba-91ef-5396ba57b051","prod_header":"2ceb864c-6f74-4d52-bc38-605f02e7aa77","prod_collect":"9e4b2fc3-25eb-4762-b124-cca68196674d","prod_update":"f97920d4-fa20-4059-904d-415ab608b863","prod_logo":"d05936e8-cc81-4ccf-9942-03845564a029","prod_h_title":"6e98f838-9c4c-41ea-97dc-20d11461cc30","h_h_padding":"ab004ea0-7967-417d-b789-17eeee789bcf","prod_h_n_pallet":"342d9aa2-6a71-48f6-8222-3618589e97b1","prod_h_n_bugs":"0ebb63d0-1ac2-4ea2-b718-00ab43e56dfd","prod_body":"4ea75a3d-6da8-42e1-a5cb-38ab19e99469","prod_nav":"ede453e5-cb80-4ca2-a4ce-1a4ab0dd892c","prod_n_shift":"364748b9-07c8-4d03-888c-5e45cf6930fd","prod_n_seperator_0":"4accfa68-67ac-4ba5-bfed-3303627bee54","prod_n_change":"f07de966-898b-4d97-81fc-75a0e79487b5","prod_n_hourly":"777ee5f2-4588-44d7-acb4-153892efb83e","prod_n_downtime":"b0a767f9-3fb0-47e5-8d01-ab8e89866ef8","prod_n_rejects":"ed119ee4-f08a-467e-8364-b31adeef2259","prod_n_materials":"89ffd6b9-eb4e-4299-8988-510095b57efe","prod_n_schedule":"74c64d2f-10bd-43fa-91d9-ae2e41e13c43","prod_n_performance":"eaad699c-8407-4569-8a31-5f23c55ce90b","prod_n_seperator_1":"44d22302-1767-47e9-9dbd-c3be3262732b","prod_n_footer":"98ce605c-fa76-4142-8fbe-61e06bafad20","prod_n_f_text":"79acef2c-9431-464c-b7ba-f62718857542","prod_main":"a6c27446-70bc-4b2b-ad7b-f7003adf1468","prod_overview":"6c2fc91a-09a9-4cbb-8cf1-0347b492888d","prod_o_goal_title":"ad4ddd7f-b8f3-43d1-9a06-0d4c5d0da74a","prod_o_goal":"ef90db74-8f0f-47c4-a2dd-8918c26e7d27","prod_o_total_title":"c2f8d63d-bf0c-4f64-a5be-a9d264baee78","prod_o_total":"3d5768da-270c-42f9-84b4-3ad6a4a2df42","prod_o_average_title":"1aa59fc2-9a29-4b70-af63-6bc30f4ed441","prod_o_average":"d4e1600b-7132-44a6-b7a7-7a3b53267f9c","prod_o_rejects_title":"9ee82b9d-ced2-4ed7-af58-087ee5777902","prod_o_rejects":"4ee5a4ae-c347-4e00-b6ac-d273c793f5f8","prod_o_downtime_title":"89169c23-a489-40e5-a420-76a7b727fbf7","prod_o_downtime":"3c83c67a-ad67-4539-9a08-5d4d0e455440","prod_section_0":"1dc60696-8dab-4b1a-8fcd-37a2506c8a05","prod_section_1":"9ef91d9f-75e0-424b-afed-a314500f6643","prod_packager":"52891eec-d44d-4118-83db-cf5d4db82919","prod_packager_title":"596a538f-5197-4130-bcfa-280a519eeef5","prod_bagger":"4ea238b7-05d1-4a0e-affc-121416422520","prod_bagger_title":"7c3cf944-6e3b-4bc3-810d-d92a8ca9434c","prod_middle":"4fec6c04-d626-4077-87bd-da80d68b94be","prod_middle_title":"7e5b43d1-7167-4e17-8b4f-2f0380fa0668","prod_runner":"d13da772-b7a0-4bfc-b9e7-37e9bda2b61f","prod_runner_title":"29a0deac-2f06-4bd6-a11a-2cf35eac5aac","prod_catalog":"2a563620-088d-4117-91cb-c55bc1ac2a01","prod_lot":"ed56e995-7834-424d-a579-ad5bc0229ee4","prod_section_2":"aeb90361-5217-4f94-9b52-512961205a43","prod_units":"fd6629fe-1699-4004-bfee-754fa39115de","prod_u_gallery":"9d213ad1-4441-496c-92e6-4e55bf3d1bd8","galleryTemplate2":"8f9be6f7-3360-4776-8b8b-70983d183ee5","prod_u_gallery_layout":"a8a1f735-2743-498c-9fc2-afb41206f0dd","prod_u_g_time_layout":"0112eff7-8e59-432e-b96f-4894d1ec50de","prod_u_g_hour_starting":"79626431-e596-4a4c-be5e-9d7551d18b69","prod_u_g_hour_ending":"2f2c2a24-7dd0-4247-bdb3-343f79d5419c","prod_u_g_lot_layout":"5af5dce0-3557-4d7a-a73b-cb8259bbff11","prod_u_g_catalog":"cd8722e2-5409-4d55-9ea1-cd34dc564b49","prod_u_g_lot":"7eedb740-7119-4ac0-bfb9-86e5f037ce9c","prod_u_g_built":"6046c2dc-20ca-4c36-aeb6-1f96a920fa87","prod_u_g_goal":"5975aa44-c2c8-46c4-8df4-72069a0b3f99","prod_u_g_all_rejects":"7bce50c9-337d-49c4-b672-3dcea11049cb","prod_u_g_unit_starting":"294d03e2-545a-4854-ab6a-c2a0bcf8a7f0","prod_u_g_unit_ending":"eeab3c6b-782d-4368-8a9e-2b1530ea644e","prod_u_g_qa":"e4ea576a-1ecc-48d5-9474-dc847a5f58aa","prod_u_g_labels":"511b3a13-77a6-40d2-a8f6-c65cbefcb311","prod_u_g_units":"1e203206-2996-4a12-90a0-b466947a1d7e","prod_u_g_carts":"d3bd281f-f7b3-4a3d-a53d-42a46ccbeda2","prod_u_g_seperator":"3beb0c3c-44ee-4a01-bd56-7ed11c7bc729","prod_u_header":"fe371de3-2e31-4b06-a677-6dd554e16c03","prod_u_h_time":"0ac43e5b-0871-4d67-a328-e914f5af4afa","prod_u_h_lot":"7e474022-d298-4723-8cf3-fc93d31c8c7a","prod_u_h_built":"8b4f3b06-6550-4ae1-8222-d6a771b37c33","prod_u_h_goal":"360c1330-9481-44c8-8200-3306dc8dd72e","prod_u_h_all_rejects":"ad7da5f2-a929-4672-8b99-2a70ce3c3eea","prod_u_h_starting":"c6c69585-cf85-48ab-9b79-cd4ace6faf81","prod_u_h_ending":"c59cec6c-62d5-4878-8477-d776cef70291","prod_u_h_qa":"74bf0a59-e5a0-4aef-8296-6406d22790aa","prod_u_h_labels":"863ce157-3b39-44c0-8ff3-7b2db7964718","prod_u_h_units":"89c997e6-0686-4427-8e14-9d76999e65fd","prod_u_h_cart":"1b3e6a25-e22e-40ef-baa6-7875db503cb4","prod_u_title":"2cf749a4-3c34-4880-8f1f-77e67b455178","prod_u_view_toggle":"03f82cab-c85c-40ac-b31d-b5af9b05a9aa","prod_downtime":"0413b266-e845-4a76-918d-7ca86e58bc57","prod_d_gallery":"153d1b71-65ae-4c7a-b4ac-a3baad17a1cc","987b3134-90bd-456a-939e-f6783242fcd3":"37276727-488a-4142-8756-14155764cee3","prod_d_g_layout":"5ad09cd7-4b34-4751-ab4f-121be12de2e3","prod_d_g_time_layout":"8d60d46c-3649-45b5-bc0a-db81000ce143","prod_d_g_started":"d54b89b3-5606-4951-a4a3-265df3b2b153","prod_d_g_ended":"4100f538-e34b-4017-be1e-29008928343d","prod_d_g_lot_layout":"07eafbf9-74b2-4dfe-ad2d-b16082bad01c","prod_d_g_catalog":"aa155739-88a5-4f6c-80b2-d25c8ba38fdb","prod_d_g_lot":"0858882b-d4c8-44b1-b27c-e1f0989c1440","prod_d_g_total":"1a651784-e4d3-49c0-bea5-65d43598a4e9","prod_d_g_reason":"c41feead-aad8-48c7-afc3-5463c05ca2bb","prod_d_g_comments":"dd895e64-b016-4287-b682-a3633fc434e3","prod_d_g_seperator":"e43eae87-d7ed-4358-93a7-268d0715d2e0","prod_d_header":"167e1f3e-22ff-45ba-9e40-538754dd52f9","prod_d_h_time":"02b1b826-3504-4aa2-97d0-b40266d4c4f9","prod_d_h_lot":"253e4edf-8fe2-4592-a890-f90f273ca098","prod_d_h_total":"743873b6-1bb5-4282-895d-745de9945b5f","prod_d_h_reason":"deb4f79a-ec94-42d9-ab2a-43e42d8a6e59","prod_d_h_comments":"1a96aae5-4b46-4dd0-8b68-b5a7a09978df","prod_d_title":"f78421df-ecfd-466c-8cd3-26ebe22294a8","prod_d_view_toggle":"84e01df1-99f6-458c-8331-f81fd48aa9f7","prod_d_view_button":"a5dddc64-21a1-4b7e-9836-b3349713c462","prod_popups":"17db6fc6-5b84-40f9-aaa6-b55743ae7245","prod_p_change_ops":"f82a08d7-dae8-41f1-8321-0ce239b0cf40","prod_p_c_text":"13dc9976-efb2-4ca9-93f4-3c18a3d86eaa","prod_p_c_change":"75e5d61e-ea70-440c-8c5c-a6f89faeaf95","prod_p_c_return":"a01e64b0-6bfc-4e76-b61d-6c315d4bc77b","prod_p_c_continue":"14f07813-b095-45cf-a36d-50fcb808f012","prod_p_error":"e7345762-1fd2-4e47-8561-cb07875a1134","prod_p_e_text":"20ed97d5-e2e2-4b79-a53d-03e0ba8718bf","prod_p_e_confirm":"824c6da5-07ca-403f-b677-61aefeff85f2","prod_p_pallet":"a093e77f-cde4-49a3-a957-478c0a5e59f3","prod_p_p_text":"5a840836-0591-4c7a-a5c2-dffdab1a8f4a","prod_p_p_theme":"169a239d-19ed-4b64-8418-8ab2c04c1e8b","prod_p_p_cancel":"bd546999-65e8-40a3-8da6-567d3689d262","prod_loading":"47645010-798a-4ce4-9ebd-bb7848c89f61","prod_l_text":"e8f68d0b-8d7b-40e8-9def-ddbba0c93bec","prod_l_progress":"be42e9b2-dac2-4f11-b0e0-107947356dd7","prod_l_image":"71c1de9a-a5c6-42d0-8783-ab460f5a252d","Schedule":"0b040c30-3d79-4da4-b561-62f42c4e2abb","s_layout":"dda2c5ee-ddbd-4daf-936d-49da11675465","s_header":"b7ee53d7-0552-48a0-9a47-7f2d9b7387c2","s_exit":"7fee4a40-4306-4102-92fd-6280a8eeeef7","s_logo":"4a49574c-d558-4ae4-8ec5-7e945b4e25bd","s_h_title":"a33bebb5-829f-409e-a624-6e5d22d7b070","Container2":"7902b3ca-b517-4daf-817c-831a69759bb0","s_bugs":"6e76f7b7-2571-435d-8c1d-657a7ee674f5","s_body":"e01694f9-6fbe-47af-b0e0-4546d45ea1d7","p_schedule":"869f4d2f-29a9-46c2-a61f-5ae140c9c840","p_s_process":"49639e90-bb8a-419c-8728-fd88d0d56aab","p_s_p_title":"84ed3439-3853-4cb3-b476-c67a8d78e18a","p_s_p_gallery":"fbff4e12-b60b-49b3-8021-f95134416eac","galleryTemplate1_3":"76a0fc8e-ab64-48d1-96f2-a3f7c16449f8","p_s_p_g_WJ":"b185efbb-b18f-46b3-94cc-bfd93afe9d56","p_s_p_g_units":"76d4e439-1685-40ec-ad55-38718a8d737d","p_s_p_g_printed_title":"3f816da9-5d50-4d08-bcb0-1e205b9c1904","p_s_p_g_comments":"ff5ab2b9-c3ad-49b0-be9e-934664a79d6b","p_s_p_g_printed":"9b0a2d68-cf0e-4771-bf6f-c926fbcfb537","p_s_p_g_cat":"9abf8cb4-b58a-4f89-a860-2cef08ad5306","p_s_p_g_seperator":"1834dbdd-5c6b-4efb-9119-c11f2f7d7453","p_s_deck":"b2e89072-1a29-4319-9ed5-0da639544beb","p_s_d_title":"4bd172f8-5768-42cc-937a-f8c412bab1bf","p_s_d_gallery":"2c9b0888-baa5-4aff-ae17-f37a182375a7","galleryTemplate1_4":"ee57d0e3-e67a-44cb-801b-b8261efef5a1","p_s_d_g_WJ":"76e94d47-b42f-48b2-84b8-93a99c0a3fe3","p_s_d_g_units":"694abf92-5765-404b-9dfd-7ded8745b27a","p_s_d_g_printed_title":"471b6a69-ea1e-43c8-b53c-bf9b09302487","p_s_d_g_comments":"452e1e93-8cff-448b-aaaa-bca9279a1fd5","p_s_d_g_cat":"255c3655-e648-484e-9e00-c4a4cf84e047","p_s_d_g_status":"e1867c77-7f40-4607-8e81-e12790d7a011","p_s_d_g_printed":"b2ec7c24-568e-4aa7-9837-bdae4d80e37a","p_s_d_g_seperator":"9d5e82cf-35f6-4a2d-b796-6b331019ed9d","Operators":"54669d73-64c0-4d5c-b78a-ef667ac39dd3","o_layout":"0133767d-4b88-40c9-8208-bcf2e0375256","o_header":"2bdc3ca4-9ae7-4bfa-b732-68aa5baff4e3","o_back":"408a2091-54d0-4480-bcbd-3b9519e3352c","o_logo":"19149121-36d2-4165-bff3-046c7da73494","o_h_title":"35c7e53b-7b54-4d0c-933e-5e393b259af3","o_h_padding":"5bf7589b-e373-4896-8fc4-dd9297591c17","o_body":"4fdda180-abf9-4a5a-91f8-c4d4a7a95941","o_form":"12054dae-9a8f-4419-b111-3e1029ef721e","o_f_packager":"066790a8-267a-471d-abaa-565a86f54e5f","o_f_packager_title":"f55deeb5-351e-45f3-b03e-8a28f89e0c64","o_f_bagger":"ee432ea0-5347-4b52-9375-6fe5978856b3","o_f_bagger_title":"cd40f62b-acb2-40d1-a111-c30e5e3c75ca","o_f_middle":"33448f2d-a896-4a14-a087-2be515baf07c","o_f_middle_title":"6e80065c-b467-41d1-abe0-99f0804a264d","o_f_runner":"b5b99471-8b14-4101-b404-d086e06f4da7","o_f_runner_title":"c35298ee-96ca-422a-9e1e-9c0654d74b6f","o_f_title":"9c0809c3-9f9a-4e98-9870-9b5ac3a25f2c","o_submit":"c6fb2061-5532-45bd-b232-bbed30478666","Units":"b77ddb08-cae3-4327-89f8-935143b6b1b8","n_layout":"a6423050-a05d-4311-a7d7-172a32d8df0d","n_header":"072652ac-7a61-4549-b8d6-edde525ef766","u_collect":"a401aa02-535f-405a-b160-ff296ae7b134","n_back":"90d9fa1d-dc08-43e7-9f81-977091f06c95","n_logo":"846023ad-44b9-472b-b831-1a11254937f7","n_h_title":"04406e53-dbc5-422e-9df4-d7b71d68a998","n_h_padding":"2ac29092-40ba-411b-a3ca-af108b17222b","n_submit":"8661f8b8-229d-4c77-87f4-a88441128b12","n_cancel":"f1eaec23-c8fa-407d-b8fa-09af41a900e7","n_delete":"6916781a-ee15-485b-850e-0125d2617626","n_body":"5fa31668-85eb-4fd8-bd35-489c0aa5a34a","n_form":"4d1d450d-bbb0-456f-92f7-cfe351abe37d","Line_DataCard2":"34675c33-05ac-4440-a259-1c23a2da6084","StarVisible18":"01f74b36-2822-448e-94bd-3234dae473a4","DataCardKey18":"395a4dfe-7f92-4b0c-aed1-94f36c73f6f0","DataCardValue17_Label":"8a4f5001-a107-4453-aee9-13c4bbd2b39f","DataCardValue17":"46a9470b-68de-46ab-beed-569d062af50e","ErrorMessage18":"974cfbb9-40d1-481f-93a2-a17fca303fc5","Catalog_DataCard2":"beaa3fb1-2000-4c72-a7e9-13bdc6713d46","DataCardKey16":"438905dc-1310-4ce6-b237-5e6fa572f6be","DataCardValue15":"801db363-7e4e-4293-a947-5f1f7b5eb531","ErrorMessage16":"8ab09ea7-bc19-4942-8973-828825c8daca","Lot_DataCard2":"b85b308a-4e61-408e-84cf-5af4d1814138","DataCardKey5":"c9aceb84-443e-4581-ab8e-66bc291b3b03","DataCardValue13":"a5ffa575-7dfb-47b2-a9c5-94b1eab458fc","ErrorMessage10":"69e0be70-0cef-4d68-9767-b5eb30034535","Unit_Starting_DataCard1":"ced3526f-caf6-467c-99de-fa7ca89c4810","DataCardKey22":"54fe8a41-8598-40b9-b280-f97eed10d9ef","DataCardValue18":"7ef0cbe3-4502-45d1-9700-1b5dd1d69491","ErrorMessage22":"aaa89c62-ddc3-42f3-884e-e67bfd5e06ca","Unit_Ending_DataCard1":"9fc7aef0-5313-4922-84a8-d05bf48af1af","DataCardKey23":"9b9d1eda-82d4-48d0-8f3d-057e41518e4c","DataCardValue19":"66a0f934-5766-4a07-8a11-b6f3beb8ce51","ErrorMessage23":"11903d27-5751-4345-830a-b7255bcaf33a","QA_Units_DataCard1":"3b6e0bcd-6cbf-4d29-bf97-1c3054c34ea8","DataCardKey24":"f8d76cd7-1f81-47c3-afc0-dd05736f9dc3","DataCardValue20":"72553bef-63f1-44de-819d-f04fb1b11b36","ErrorMessage24":"b77885fd-7a8d-462e-b426-83aeb54687dc","Reject_Labels_DataCard1":"d5c14d1f-da37-43ba-90a9-d20897462d9e","DataCardKey25":"d701125b-9090-4cf3-9907-47e464357414","DataCardValue21":"bf95b9c2-33d9-431b-a525-e1049e722f53","ErrorMessage25":"906e7169-e74a-4cde-9065-2bbf6725c02a","Reject_Units_DataCard1":"627300e9-0f58-4625-af2e-a121b69fd0c8","DataCardKey26":"9dbbd294-c188-4858-a7ef-5d0b1d363629","DataCardValue22":"2eab65ef-70b2-4ac3-894f-83aa841c7181","ErrorMessage26":"3290133f-54d5-4331-a073-7cd656f31f57","Reject_Cartridges_DataCard1":"73064ead-6ad5-4398-8a31-1c02bc6c6ec4","DataCardKey27":"ca48b670-9008-4f77-a9a6-432769712666","DataCardValue23":"78fe26c6-7c31-4482-8dcb-79b730aca639","ErrorMessage27":"1a91484c-cec4-4f69-b438-08ec6b56611d","Quality_DataCard1":"32d0f762-ca0e-4bd5-bd9b-f68f5e5b929a","StarVisible35":"465b2fd1-f5a6-4896-a20c-30603e594ade","DataCardKey35":"fb4ee764-5d4a-4700-8d0a-d683ed5f4907","ErrorMessage35":"e53ddce5-b352-48b6-ab35-7ea9bd14ac06","Radio1":"96b025e5-ec6f-4562-a9c8-e8d1c0f046eb","Safety_DataCard1":"71e4efdf-e096-4b6d-b6d3-fc5f334b52c8","StarVisible36":"7662ff18-3f23-47f4-b4e9-500228b1ef32","DataCardKey36":"8b1d108e-4fb1-4bae-910e-4179b5d00f13","ErrorMessage36":"88153ac0-fc08-433d-ac79-9ef589b9170e","Radio2":"0dcd02a1-c875-4d1e-a616-a9f925faf36f","Training_DataCard1":"d57ef792-53bb-4c3c-a580-3d03c1b69b8b","StarVisible37":"25940d2d-58a2-4994-81ed-6c10e48d7da1","DataCardKey37":"46159757-2ac3-49c6-92c1-4afd59031d28","ErrorMessage37":"da004263-13aa-4798-bd3e-df4ffcbe165c","Checkbox1":"21605397-aadd-4728-bdd8-076610cfdaf5","Hour_Starting_DataCard1":"ce6701d2-809e-447b-a6bc-c51717ed9094","DataCardKey20":"ee017292-1d53-4a03-99b4-9250d74393f6","DateValue3":"9c1b23ce-106e-4210-b5f7-f8604c113d11","HourValue3":"4d5e4eaa-fc8b-44e4-854a-f6b40e64b25f","Separator3":"71e5af1b-38c0-4143-87f3-3bd894e98946","MinuteValue3":"b0c75537-7983-4f9f-a631-1f737fc95729","ErrorMessage20":"f1c9be83-c798-4fa0-b32e-c58421cc8a75","n_f_start_AMPM":"6f6f0f50-9ded-43fe-aa68-40f2d0ea398a","Hour_Ending_DataCard1":"6b3bf979-75c6-4293-bdde-a2655d00a6ba","DataCardKey21":"759b8479-b3c3-47ba-9e38-142535a59f3f","DateValue4":"d70add2f-33a4-4976-914c-c97a979c7636","HourValue4":"81ffd3ed-8bc7-4d1a-b68f-8ef7bcaee49b","Separator4":"d41a9f8f-20bf-48b2-8857-0e5d065b7dbb","MinuteValue4":"5e0ea350-b862-456f-8aa0-53f41c4097db","ErrorMessage21":"c428cbfa-b244-40e7-9e4c-00a53617c1f3","n_f_end_AMPM":"90f65cbe-5d05-49a7-826b-6cd4087df3b7","Edit_Person_DataCard2":"2484c39a-aeea-4562-b862-ed5e172bbd03","StarVisible32":"cf3186b3-2162-4d93-ba02-bb1c0ec9b795","DataCardKey32":"f110eb89-a220-4bbe-a1db-9eb955cef873","ErrorMessage32":"5c3ca376-d0da-4229-a2c0-0aa92b5096eb","DataCardValue28":"1367d8b6-5105-48d7-988c-199716c62b9c","Edit_Reason_DataCard2":"b129f914-2503-487e-b116-8b690b9a1e36","StarVisible33":"8a5d3351-3608-41c2-93e3-f7a58917bafd","DataCardValue29":"514dddd6-39d8-4664-a885-5913c385e89f","DataCardKey33":"6d2f8ac4-4cb4-42c8-8117-ee2848eef505","ErrorMessage33":"6d013628-9cc6-4995-9f03-1feab65d5230","Hourly_Goal_DataCard1":"e86fd8c2-fa1e-4fe8-999f-af1dfa5758a8","StarVisible34":"41917db0-9c52-4aac-965a-e2a6e2181fee","DataCardKey34":"929ebb5f-b4b5-4ffd-8464-b1f7a850691b","DataCardValue30":"fccec73d-6596-469b-a6fc-8f8393a3debe","ErrorMessage34":"e2d4d4e8-1cb2-4ad4-93e7-1bc69519fa2f","Middle_DataCard1":"193a3d4e-e995-4fc4-bcd2-4d4d88cd9b00","StarVisible29":"10dfaa15-8dfa-4894-b2a2-1bc8dbae1609","DataCardKey29":"8b6f8630-fe2a-4fbb-8cb2-fc655876d640","DataCardValue25":"52b700d5-8497-4373-9967-d063c40d18da","ErrorMessage29":"3e27bb73-73a9-46f0-800c-49a19a174814","Bagger_DataCard1":"8b298ffa-b342-48e8-b13a-02379889fe05","StarVisible30":"2b90838c-43b7-41f6-94ab-621ef1812b14","DataCardKey30":"3761dd6f-1355-4063-a2b9-c44358d92adf","DataCardValue26":"246cb6fd-9afa-4c54-b476-2f66d2ed7e5a","ErrorMessage30":"c433cee6-4461-4861-9249-863e7988a310","Packager_DataCard1":"a7d8d710-6dd0-4964-9760-b0c93d0e7e79","StarVisible31":"535521b1-94ee-4243-beba-1047d098309f","DataCardKey31":"bf098210-1001-453a-b6d1-e0e1cf4d6a3d","DataCardValue27":"ba6581c2-3673-4d10-9780-4cd6ad7e03e7","ErrorMessage31":"83fb1be2-a0ad-4876-ba4d-c286387b9c5c","Runner_DataCard1":"4bc187e7-48b9-4587-8c8c-099f7c474610","StarVisible28":"2f6d126c-35f9-4a89-be08-a88cfa15f7aa","DataCardKey28":"2d290e7c-eaad-4acf-979a-241c337b00b6","DataCardValue24":"d035276c-16f1-45c1-b34a-5cec8618fb9b","ErrorMessage28":"c354b998-255a-4969-a11b-78fe0d328739","u_popups_parent":"ebf28d5f-82be-4632-b044-c8abb73be529","u_error_unit":"cff80a50-7438-4115-a49f-b264e0a2bab2","u_e_n_text":"999ca1cd-bd5a-4424-a81a-b97459ef0fed","u_e_n_confirm":"fbb8c8f4-e647-4008-bc01-f8b0384fb6d6","u_error_sum":"28f737b0-f097-4bd9-80a6-5db127708d15","u_e_s_text":"8d42f76f-0d83-46a7-966d-08bd7e69a41a","u_e_s_confirm":"2c470bec-d1d2-4ec0-afa8-ce04f1677013","u_error_radio":"cc5ddabc-c235-42f3-b80c-c8b90e8c82dd","u_e_r_text":"1043feed-dcef-4bee-b81e-cd9612eff97b","u_e_r_confirm":"90558377-75d5-4d67-8d7a-0681cb5d13e3","u_error_time":"91e44c50-5714-4296-ba88-7d044fcd0949","u_e_t_text":"ce646d37-c5e3-4eee-831d-e2585cdbbde9","u_e_t_confirm":"03577970-b871-40db-b7ea-a29a6e8e296b","u_error_editor":"7af9b1ab-7d57-4341-b923-d07116846178","u_e_e_text":"cdefd8f2-8855-4588-a648-ebba27ed16b0","u_e_e_confirm":"c7dc5343-85ed-45c0-a188-7c50f029abbb","u_error_goal":"ef6af08a-d46f-4826-ad5e-a68fc55c3af3","u_e_g_text":"9bb2e8a6-aa2b-4878-9010-47dca46c53e0","u_e_g_downtime":"8e443019-5933-4eef-be7b-63700576e45c","u_e_g_no_reason":"2e4a5bae-3f37-4b80-a842-fd8b7fe38cd4","u_error_dupe":"7ce4e4f1-4eb2-49ae-89db-2b1c1b7d8738","u_e_d_text":"af3046c2-6090-4dea-be1f-4c1674c4e64b","u_e_d_confirm":"ac8299a6-eabc-43b3-b5dc-29420370ef4f","u_error_missing":"98a92563-fcc1-4c65-8b1d-0f681c9f29b4","u_e_m_text":"c7c72f32-9160-423a-9585-ed3c9013e5d3","u_e_m_return":"4c09038e-ee32-405a-93d1-f4d7b114af20","u_e_m_downtime":"ee7846aa-aaab-4ef5-8c81-aad23e3c9c91","u_e_m_no_reason":"e4ff6b26-6015-469a-8195-5d3e0e96294c","u_error_timespan":"781fc760-4ce7-491c-b83c-420f29b90414","u_e_ts_text":"dfd73847-2655-47ad-a038-617351abf2cf","u_e_ts_confirm":"2f8ef3fc-210a-4834-ae3c-8445b675366b","u_error_delete":"0b309fca-bae3-447e-918b-7817bc6d0a35","u_e_de_text":"f4bd56af-1a25-4c50-b492-75f458aa0b6b","u_e_de_input":"e56750a0-abd2-4438-bd5f-f1c3d8a350be","u_e_de_cancel":"28f65728-6b4b-4493-89dc-998eeae15da6","u_e_de_submit":"f9f47b71-d629-49cc-a66c-6b3449f736da","Performance":"989f7b6c-a0a4-49fc-b5c4-5bf0ac1d5e86","perf_layout":"b9cefbab-51d4-4f96-a235-6bea7a1cb714","perf_header":"14c25b7d-2f3f-4a15-9926-5ad18e9130cf","perf_collect":"1fdeaa89-8ca4-4cd8-af4f-69eef144cd2c","perf_update":"e950dd08-87a2-4789-9966-836deec219ea","perf_exit":"c14265fa-7ed7-4b5f-802b-b851cbfb9609","perf_logo":"74dee47f-20c6-445d-93ff-9dbd2e64a9ae","perf_h_title":"cb7f501f-455a-469d-923d-0b66384dae13","perf_h_padding":"54c5759f-7019-4c24-acd6-f07ff8a938dd","perf_body":"1c104f07-ee80-4ee9-8b55-011cd3fb3d20","perf_section_0":"27b56ee5-6162-4a57-ad55-f78a0dbcf13b","perf_oee_parent":"006cac30-4453-43ff-9c28-6f27f95d70b3","perf_oee_title":"99751c9a-2f28-4048-8c5a-8b1791aa3ef6","perf_oee":"cc6fcc38-468b-4bce-9ef9-9541ee53c02d","perf_oee_output":"6dd51a3e-cd62-46ad-afff-cee71ef08150","perf_performance_parent":"10e213c7-ec67-495e-b48d-20821827ec9e","perf_performance_title":"1b998b67-a993-43df-9e2d-8a62f7dd6edd","perf_performance":"93b56436-96e3-4a77-aa00-4ac9c480c3c3","perf_data_parent":"c6fdd0d7-9999-4b21-bf2d-315396da7323","perf_output_title":"f8445506-6a88-459f-8ff2-750412d30a9d","perf_output":"b955f9d9-b7a0-4d05-b272-f0df951191a6","perf_yield_title":"7969838f-7bf7-420b-b175-8d4aa7543d3b","perf_yield":"4d39697f-d90f-48b6-8f25-84e414e8d08f","perf_downtime_title":"2f150d20-6d77-4e41-a1d9-5795ddabc298","perf_downtime":"60226c9b-4d61-498d-a71c-5cfcb90a4be4","perf_section_1":"10c09c6a-d716-4ef0-9b07-f6fcb885eeb4","perf_pareto_parent":"083375ca-72c8-411e-b1f6-1f31320427b2","perf_pareto_title":"1339055a-7b54-49f8-a643-8c24549dacb1","perf_pareto":"2ec05eac-5a8c-44d2-af67-890f14c9b0c5","perf_trend_parent":"6ea54dee-e98e-457e-bdf0-9f2fee55c8bc","perf_trend_title":"090ff9c5-b809-49e0-a40b-aabab83bbef9","perf_trend":"bacb3a44-73ed-4370-bac0-e220d91a9e20","perf_loading":"e494e7c5-f9b5-4179-b1dc-95087277f004","perf_l_text":"2510982e-64aa-4dfc-a70d-3e2fe228c2c3","perf_l_progress":"3dcde1f0-209f-4e9b-ac9c-33d175594f23","perf_l_image":"7e205de5-da62-40ba-bb79-d87d7bf433d4","Init":"95718f92-1993-483f-b316-506dd71d7f75","i_loading":"3d5f8355-401c-45ed-827b-d0abb22150bf","i_l_text":"6de60b4d-f797-4c4f-815f-28fb93c9540d","i_l_progress":"45a59714-a538-48bf-944c-0b2c5026a9ce","i_l_image":"f3274457-3cd3-4139-832e-2b6fe4963e27","i_init":"813dacf6-d206-42b7-917a-e824cf046bdb","6903b81a-8978-49ef-a92a-4a9bf58b4e61":"eb0496e0-07ad-4982-b034-c707e9be8817","f60c5484-83b2-4c9c-8eb6-44729e0ba988":"46cb58cd-3615-4870-8298-053a56ebb69f"}