{"name":"82e70b3a-bfd6-4ff0-a4ab-8c0bdf901cc3","id":"/providers/Microsoft.Flow/flows/82e70b3a-bfd6-4ff0-a4ab-8c0bdf901cc3","type":"Microsoft.Flow/flows","properties":{"apiId":"/providers/Microsoft.PowerApps/apis/shared_logicflows","displayName":"flow_get_materials","definition":{"metadata":{"workflowEntityId":null,"processAdvisorMetadata":null,"flowChargedByPaygo":null,"flowclientsuspensionreason":"None","flowclientsuspensiontime":null,"flowclientsuspensionreasondetails":null,"creator":{"id":"045ad676-fe60-4b60-848e-cd4b46f08238","type":"User","tenantId":"db76fb59-a377-4120-bc54-59dead7d39c9"},"provisioningMethod":"FromDefinition","failureAlertSubscription":true,"clientLastModifiedTime":"2023-12-13T19:38:10.8339164Z","connectionKeySavedTimeKey":"2023-12-13T19:38:10.8339164Z"},"$schema":"https://schema.management.azure.com/providers/Microsoft.Logic/schemas/2016-06-01/workflowdefinition.json#","contentVersion":"1.0.0.0","parameters":{"$connections":{"defaultValue":{},"type":"Object"},"$authentication":{"defaultValue":{},"type":"SecureObject"}},"triggers":{"manual":{"metadata":{"operationMetadataId":"cc4ee51f-7bab-4b64-9746-a701435d6a81"},"type":"Request","kind":"PowerAppV2","inputs":{"schema":{"type":"object","properties":{"text":{"title":"Input","type":"string","x-ms-dynamically-added":true,"description":"Please enter your input","x-ms-content-hint":"TEXT"}},"required":["text"]}}}},"actions":{"Get_items":{"runAfter":{},"metadata":{"operationMetadataId":"8542ffca-2349-4c38-99dc-bf79cfff22e3"},"type":"OpenApiConnection","inputs":{"host":{"apiId":"/providers/Microsoft.PowerApps/apis/shared_sharepointonline","connectionName":"shared_sharepointonline","operationId":"GetItems"},"parameters":{"dataset":"https://mdigital.sharepoint.com/sites/Jaffrey_OI/Materials","table":"ae5df01e-b004-421b-9f17-3db153bd4b3d","$filter":"Line eq '@{triggerBody()['text']}' and Picked eq 0 and Created ge '@{formatDateTime(utcNow(), 'yyyy-MM-dd')}T00:00:00Z'"},"authentication":{"value":"@json(decodeBase64(triggerOutputs().headers['X-MS-APIM-Tokens']))['$ConnectionKey']","type":"Raw"}},"runtimeConfiguration":{"paginationPolicy":{"minimumItemCount":100000}}},"Compose":{"runAfter":{"Select":["Succeeded"]},"metadata":{"operationMetadataId":"baf6d842-37fb-44fb-82de-3eea4ea53cc8"},"type":"Compose","inputs":"@body('Select')"},"Select":{"runAfter":{"Get_items":["Succeeded"]},"metadata":{"operationMetadataId":"968d6b16-0963-41f3-9924-44449f09a707"},"type":"Select","inputs":{"from":"@outputs('Get_items')?['body/value']","select":{"_ID":"@item()?['ID']","_line":"@item()?['Line/Value']","_workorder":"@item()?['Title']","_component":"@item()?['qg5e']","_quantity":"@item()?['tapb']","_type":"@item()?['Request_x0020_Type/Value']","_unit":"@item()?['Units/Value']","_requester":"@item()?['o8w1/DisplayName']","_delivered":"@item()?['Picked']","_created":"@item()?['Created']"}}},"Respond_to_a_PowerApp_or_flow":{"runAfter":{"Compose":["Succeeded"]},"metadata":{"operationMetadataId":"f835c8c2-4743-409b-9cd6-7fc38324d3f4"},"type":"Response","kind":"PowerApp","inputs":{"statusCode":200,"body":{"output":"@{outputs('Compose')}"},"schema":{"type":"object","properties":{"output":{"title":"output","x-ms-dynamically-added":true,"type":"string"}}}}}}},"connectionReferences":{"shared_sharepointonline":{"connectionName":"624e4cdc2b504769a1171cc52500116c","source":"Invoker","id":"/providers/Microsoft.PowerApps/apis/shared_sharepointonline","tier":"NotSpecified"}},"flowFailureAlertSubscribed":false,"isManaged":false}}