{"schemaVersion":"1.0","appDefinitionTemplate":{"id":"/providers/Microsoft.PowerApps/apps/","type":"Microsoft.PowerApps/apps","tags":{"primaryDeviceWidth":"1366","primaryDeviceHeight":"768","supportsPortrait":"false","supportsLandscape":"true","primaryFormFactor":"Tablet","showStatusBar":"false","publisherVersion":"3.24083.14","minimumRequiredApiVersion":"2.2.0","hasComponent":"false","hasUnlockedComponent":"false","isUnifiedRootApp":"false","sienaVersion":"20240903T145939Z-3.24083.14.0"},"properties":{"appVersion":"2024-09-03T14:59:39Z","lifeCycleId":"Published","createdByClientVersion":{"major":3,"minor":24083,"build":14,"revision":0,"majorRevision":0,"minorRevision":0},"minClientVersion":{"major":3,"minor":24083,"build":14,"revision":0,"majorRevision":0,"minorRevision":0},"backgroundColor":"rgba(0, 176, 240, 1)","backgroundImageUri":"/8920966233542081619/Ne8b4e8f1-72a8-427d-a023-d9ac4b9570a3-logoSmallFile","displayName":"Encapsulation DMS for Management","description":"Encapsulation Daily Management system for managers and leads.","commitMessage":"","appUris":{"documentUri":{"value":"/8920966233542081619/N5562bbf0-375d-4869-9729-26aebbc9c486-document.msapp"},"imageUris":[],"additionalUris":[{"isSolutionAware":false,"value":"/8920966233542081619/N93bb9741-6ad1-41a7-8c33-6526537b4247-identity.json"}]},"createdTime":"0001-01-01T00:00:00Z","lastModifiedTime":"0001-01-01T00:00:00Z","sharedGroupsCount":0,"sharedUsersCount":0,"connectionReferences":{"7fb5f26d-87bb-4313-b165-02ca736c2f90":{"id":"bd4b1ef2-571a-4a16-ab6e-4f5804df2ff8","displayName":"SharePoint","iconUri":"https://connectoricons-prod.azureedge.net/u/jayawan/releases/v1.0.1697/1.0.1697.3786/sharepointonline/icon.png","dataSources":["LoginTracking","Goal_Settings","ErrorTracking","Universal_Variables","Downtime","Production","Target_Analysis","BugReports","Digital_DOR"],"dependencies":[],"dependents":["a69fa6fc-1de9-4e0c-a4d3-1c7e7eab041b","b127da00-8596-41b5-b9e6-8081a1873c9c"],"parameterHints":{},"parameterHintsV2":{},"isOnPremiseConnection":false,"bypassConsent":false,"dataSets":{"https://mdigital.sharepoint.com/sites/RaysTest":{"dataSources":{"LoginTracking":{"tableName":"63ae7cd5-4dbd-4ef3-a304-031a90566d1a"},"Goal_Settings":{"tableName":"1f4730be-4bf8-4cac-9bce-6c51843f0da3"},"ErrorTracking":{"tableName":"0bee6304-0944-40a6-af5b-1ae7bd975398"},"Universal_Variables":{"tableName":"d4b62731-49f5-4438-a94f-5e2adcabd9bb"},"Downtime":{"tableName":"c7cef5de-025f-4d69-a450-292ffa78ecbc"},"Production":{"tableName":"bde7230b-9638-46c8-959b-d34fe18a54cf"},"Target_Analysis":{"tableName":"9e8a78fc-f905-489a-83d2-3e61334d59aa"},"BugReports":{"tableName":"1f64b3c2-b434-4e02-b624-5c8d615541d2"},"Digital_DOR":{"tableName":"675a1c1a-6bd4-4c3a-b9c3-2909aeec8d5c"}}}},"apiTier":"Standard","isCustomApiConnection":false,"actions":["providers/PowerPlatform.Governance/Operations/Read","providers/PowerPlatform.Governance/Operations/Write","providers/PowerPlatform.Governance/Operations/Delete"]},"a69fa6fc-1de9-4e0c-a4d3-1c7e7eab041b":{"id":"f98f91b4-7fd2-40c8-9e18-970ba59be043","displayName":"Logic flows","iconUri":"https://connectoricons-prod.azureedge.net/releases/v1.0.1697/1.0.1697.3784/logicflows/icon.png","dataSources":["flow_get_units_range_v2"],"dependencies":["7fb5f26d-87bb-4313-b165-02ca736c2f90"],"dependents":[],"parameterHints":{"workflowName":{"value":"4abc69e6-3d7c-4375-908b-d11dc34987d8"},"workflowEntityId":{},"workflowDisplayName":{"value":"flow_get_units_range_v2"},"7fb5f26d-87bb-4313-b165-02ca736c2f90":{"value":"shared_sharepointonline"}},"parameterHintsV2":{"workflowName":{"value":"4abc69e6-3d7c-4375-908b-d11dc34987d8"},"workflowEntityId":{},"workflowDisplayName":{"value":"flow_get_units_range_v2"},"shared_sharepointonline":{"value":"7fb5f26d-87bb-4313-b165-02ca736c2f90"}},"isOnPremiseConnection":false,"bypassConsent":false,"dataSets":{},"apiTier":"Standard","isCustomApiConnection":false,"actions":["Run"],"nestedActions":[{"id":"/providers/Microsoft.PowerApps/apis/shared_sharepointonline/apiOperations/GetItems","apiName":"SharePoint","actionName":"GetItems","referencedResources":[{"key":"site","value":"https://mdigital.sharepoint.com/sites/RaysTest"},{"key":"list","value":"bde7230b-9638-46c8-959b-d34fe18a54cf"}]}]},"b127da00-8596-41b5-b9e6-8081a1873c9c":{"id":"f98f91b4-7fd2-40c8-9e18-970ba59be043","displayName":"Logic flows","iconUri":"https://connectoricons-prod.azureedge.net/releases/v1.0.1697/1.0.1697.3784/logicflows/icon.png","dataSources":["flow_get_downtime_range_v2"],"dependencies":["7fb5f26d-87bb-4313-b165-02ca736c2f90"],"dependents":[],"parameterHints":{"workflowName":{"value":"c37189f7-eaee-4549-ba31-8d1b40f9dcbf"},"workflowEntityId":{},"workflowDisplayName":{"value":"flow_get_downtime_range_v2"},"7fb5f26d-87bb-4313-b165-02ca736c2f90":{"value":"shared_sharepointonline"}},"parameterHintsV2":{"workflowName":{"value":"c37189f7-eaee-4549-ba31-8d1b40f9dcbf"},"workflowEntityId":{},"workflowDisplayName":{"value":"flow_get_downtime_range_v2"},"shared_sharepointonline":{"value":"7fb5f26d-87bb-4313-b165-02ca736c2f90"}},"isOnPremiseConnection":false,"bypassConsent":false,"dataSets":{},"apiTier":"Standard","isCustomApiConnection":false,"actions":["Run"],"nestedActions":[{"id":"/providers/Microsoft.PowerApps/apis/shared_sharepointonline/apiOperations/GetItems","apiName":"SharePoint","actionName":"GetItems","referencedResources":[{"key":"site","value":"https://mdigital.sharepoint.com/sites/RaysTest"},{"key":"list","value":"c7cef5de-025f-4d69-a450-292ffa78ecbc"}]}]},"cdaa2de2-d6a2-43d7-9c57-b11938ee0760":{"id":"df7d10e8-a48c-4a86-b0c2-a8d33dde670a","displayName":"Office 365 Users","iconUri":"https://connectoricons-prod.azureedge.net/releases/v1.0.1702/1.0.1702.3810/office365users/icon.png","dataSources":["Office365Users"],"dependencies":[],"dependents":[],"parameterHints":{},"parameterHintsV2":{},"isOnPremiseConnection":false,"bypassConsent":false,"dataSets":{},"apiTier":"Standard","isCustomApiConnection":false,"actions":["SearchUser"]}},"databaseReferences":{},"almMode":"Environment","performanceOptimizationEnabled":true,"canConsumeAppPass":false,"enableModernRuntimeMode":false,"executionRestrictions":{"isTeamsOnly":false,"dataLossPreventionEvaluationResult":{"status":"Compliant","lastEvaluationDate":"2024-09-03T14:59:44.7196619Z","violations":[],"violationsByPolicy":[],"violationErrorMessage":"The app uses the following connectors: shared_sharepointonline, shared_logicflows, shared_office365users."},"httpActionRestriction":{"appUsesSharepointHttpAction":false,"enforcementStrategy":"Legacy","evaluationTime":"2024-09-03T14:59:44.7194234Z"}}},"appType":"ClassicCanvasApp","appComponents":[]}}