{"schemaVersion":"1.0","appDefinitionTemplate":{"id":"/providers/Microsoft.PowerApps/apps/","type":"Microsoft.PowerApps/apps","tags":{"primaryDeviceWidth":"1366","primaryDeviceHeight":"768","supportsPortrait":"true","supportsLandscape":"true","primaryFormFactor":"Tablet","showStatusBar":"false","publisherVersion":"3.24063.22","minimumRequiredApiVersion":"2.2.0","hasComponent":"false","hasUnlockedComponent":"false","isUnifiedRootApp":"false","sienaVersion":"20240709T122436Z-3.24063.22.0"},"properties":{"appVersion":"2024-07-09T12:24:36Z","lifeCycleId":"Published","createdByClientVersion":{"major":3,"minor":24063,"build":22,"revision":0,"majorRevision":0,"minorRevision":0},"minClientVersion":{"major":3,"minor":24063,"build":22,"revision":0,"majorRevision":0,"minorRevision":0},"backgroundColor":"RGBA(0,176,240,1)","backgroundImageUri":"/7308565231836081627/Nc726ea13-3a97-46f2-af02-1448d32b42d1-logoSmallFile","displayName":"Encapsulation DMS for Displays","description":"The Encapsulation Daily Management System information display application. Used to display line or work center focused data collected by the Encapsulation DMS.","commitMessage":"","appUris":{"documentUri":{"value":"/7308565231836081627/N66501d4f-76da-414a-9ed5-b4a8c02b20cd-document.msapp"},"imageUris":[],"additionalUris":[{"isSolutionAware":false,"value":"/7308565231836081627/N68a24b6e-e023-41b4-ad23-c7eec7e6e818-identity.json"}]},"createdTime":"0001-01-01T00:00:00Z","lastModifiedTime":"0001-01-01T00:00:00Z","sharedGroupsCount":0,"sharedUsersCount":0,"connectionReferences":{"c1c1cd2d-0f43-425a-a44d-c0e8cc00e87b":{"id":"f98f91b4-7fd2-40c8-9e18-970ba59be043","displayName":"Logic flows","iconUri":"https://connectoricons-prod.azureedge.net/releases/v1.0.1697/1.0.1697.3784/logicflows/icon.png","dataSources":["flow_get_downtime_range_v2"],"dependencies":["ffb6ee5b-1ade-4efd-8b34-4d54fc846f0e"],"dependents":[],"parameterHints":{"workflowName":{"value":"c37189f7-eaee-4549-ba31-8d1b40f9dcbf"},"workflowEntityId":{},"workflowDisplayName":{"value":"flow_get_downtime_range_v2"},"ffb6ee5b-1ade-4efd-8b34-4d54fc846f0e":{"value":"shared_sharepointonline"}},"parameterHintsV2":{"workflowName":{"value":"c37189f7-eaee-4549-ba31-8d1b40f9dcbf"},"workflowEntityId":{},"workflowDisplayName":{"value":"flow_get_downtime_range_v2"},"shared_sharepointonline":{"value":"ffb6ee5b-1ade-4efd-8b34-4d54fc846f0e"}},"isOnPremiseConnection":false,"bypassConsent":false,"dataSets":{},"apiTier":"Standard","isCustomApiConnection":false,"actions":["Run"],"nestedActions":[{"id":"/providers/Microsoft.PowerApps/apis/shared_sharepointonline/apiOperations/GetItems","apiName":"SharePoint","actionName":"GetItems","referencedResources":[{"key":"site","value":"https://mdigital.sharepoint.com/sites/RaysTest"},{"key":"list","value":"c7cef5de-025f-4d69-a450-292ffa78ecbc"}]}]},"ffb6ee5b-1ade-4efd-8b34-4d54fc846f0e":{"id":"bd4b1ef2-571a-4a16-ab6e-4f5804df2ff8","displayName":"SharePoint","iconUri":"https://connectoricons-prod.azureedge.net/u/jayawan/releases/v1.0.1697/1.0.1697.3786/sharepointonline/icon.png","dataSources":["Production","Downtime","Universal_Variables","Target_Analysis","Goal_Settings"],"dependencies":[],"dependents":["c1c1cd2d-0f43-425a-a44d-c0e8cc00e87b","40df2e90-2f52-4826-be2f-d0e5907faa1a"],"parameterHints":{},"parameterHintsV2":{},"isOnPremiseConnection":false,"bypassConsent":false,"dataSets":{"https://mdigital.sharepoint.com/sites/RaysTest":{"dataSources":{"Production":{"tableName":"bde7230b-9638-46c8-959b-d34fe18a54cf"},"Downtime":{"tableName":"c7cef5de-025f-4d69-a450-292ffa78ecbc"},"Universal_Variables":{"tableName":"d4b62731-49f5-4438-a94f-5e2adcabd9bb"},"Target_Analysis":{"tableName":"9e8a78fc-f905-489a-83d2-3e61334d59aa"},"Goal_Settings":{"tableName":"1f4730be-4bf8-4cac-9bce-6c51843f0da3"}}}},"apiTier":"Standard","isCustomApiConnection":false,"actions":["providers/PowerPlatform.Governance/Operations/Read","providers/PowerPlatform.Governance/Operations/Write"]},"40df2e90-2f52-4826-be2f-d0e5907faa1a":{"id":"f98f91b4-7fd2-40c8-9e18-970ba59be043","displayName":"Logic flows","iconUri":"https://connectoricons-prod.azureedge.net/releases/v1.0.1697/1.0.1697.3784/logicflows/icon.png","dataSources":["flow_get_units_range_v2"],"dependencies":["ffb6ee5b-1ade-4efd-8b34-4d54fc846f0e"],"dependents":[],"parameterHints":{"workflowName":{"value":"4abc69e6-3d7c-4375-908b-d11dc34987d8"},"workflowEntityId":{},"workflowDisplayName":{"value":"flow_get_units_range_v2"},"ffb6ee5b-1ade-4efd-8b34-4d54fc846f0e":{"value":"shared_sharepointonline"}},"parameterHintsV2":{"workflowName":{"value":"4abc69e6-3d7c-4375-908b-d11dc34987d8"},"workflowEntityId":{},"workflowDisplayName":{"value":"flow_get_units_range_v2"},"shared_sharepointonline":{"value":"ffb6ee5b-1ade-4efd-8b34-4d54fc846f0e"}},"isOnPremiseConnection":false,"bypassConsent":false,"dataSets":{},"apiTier":"Standard","isCustomApiConnection":false,"actions":["Run"],"nestedActions":[{"id":"/providers/Microsoft.PowerApps/apis/shared_sharepointonline/apiOperations/GetItems","apiName":"SharePoint","actionName":"GetItems","referencedResources":[{"key":"site","value":"https://mdigital.sharepoint.com/sites/RaysTest"},{"key":"list","value":"bde7230b-9638-46c8-959b-d34fe18a54cf"}]}]}},"databaseReferences":{},"almMode":"Environment","performanceOptimizationEnabled":false,"canConsumeAppPass":false,"enableModernRuntimeMode":false,"executionRestrictions":{"isTeamsOnly":false,"dataLossPreventionEvaluationResult":{"status":"Compliant","lastEvaluationDate":"2024-07-09T12:24:41.723299Z","violations":[],"violationsByPolicy":[],"violationErrorMessage":"The app uses the following connectors: shared_logicflows, shared_sharepointonline."},"httpActionRestriction":{"appUsesSharepointHttpAction":false,"enforcementStrategy":"Legacy","evaluationTime":"2024-07-09T12:24:41.7231048Z"}}},"appType":"ClassicCanvasApp","appComponents":[]}}