{"name":"d406a581-76f1-42b2-b9f4-97103c153486","id":"/providers/Microsoft.Flow/flows/d406a581-76f1-42b2-b9f4-97103c153486","type":"Microsoft.Flow/flows","properties":{"apiId":"/providers/Microsoft.PowerApps/apis/shared_logicflows","displayName":"flow_get_downtime_range_v2","definition":{"metadata":{"workflowEntityId":null,"processAdvisorMetadata":null,"flowChargedByPaygo":null,"flowclientsuspensionreason":"None","flowclientsuspensiontime":null,"flowclientsuspensionreasondetails":null,"creator":{"id":"045ad676-fe60-4b60-848e-cd4b46f08238","type":"User","tenantId":"db76fb59-a377-4120-bc54-59dead7d39c9"},"provisioningMethod":"FromDefinition","failureAlertSubscription":true,"clientLastModifiedTime":"2024-05-31T15:55:01.0363457Z","connectionKeySavedTimeKey":"2024-05-31T15:55:01.0363457Z"},"$schema":"https://schema.management.azure.com/providers/Microsoft.Logic/schemas/2016-06-01/workflowdefinition.json#","contentVersion":"1.0.0.0","parameters":{"$authentication":{"defaultValue":{},"type":"SecureObject"},"$connections":{"defaultValue":{},"type":"Object"}},"triggers":{"manual":{"metadata":{"operationMetadataId":"7627b721-8ab8-4c14-9b14-2cb130ccd184"},"type":"Request","kind":"PowerAppV2","inputs":{"schema":{"type":"object","properties":{"text":{"title":"input_line","type":"string","x-ms-dynamically-added":true,"description":"Please enter your input","x-ms-content-hint":"TEXT"},"date":{"title":"input_end_date","type":"string","format":"date","x-ms-dynamically-added":true,"description":"Please enter or select a date (YYYY-MM-DD)","x-ms-content-hint":"DATE"},"date_1":{"title":"input_start_date","type":"string","format":"date","x-ms-dynamically-added":true,"description":"Please enter or select a date (YYYY-MM-DD)","x-ms-content-hint":"DATE"}},"required":["text","date","date_1"]}}}},"actions":{"Condition":{"actions":{"Get_all_items":{"metadata":{"operationMetadataId":"6b1e83b2-ea56-4913-b883-49655e0b94b3"},"type":"OpenApiConnection","inputs":{"parameters":{"dataset":"https://mdigital.sharepoint.com/sites/RaysTest","table":"c7cef5de-025f-4d69-a450-292ffa78ecbc","$filter":"Ended ge '@{triggerBody()['date_1']}T00:00:00Z' and Ended lt '@{addDays(triggerBody()['date'],1,'yyyy-MM-dd')}T05:00:00Z'","$orderby":"Ended desc"},"host":{"apiId":"/providers/Microsoft.PowerApps/apis/shared_sharepointonline","connectionName":"shared_sharepointonline","operationId":"GetItems"},"authentication":{"value":"@json(decodeBase64(triggerOutputs().headers['X-MS-APIM-Tokens']))['$ConnectionKey']","type":"Raw"}},"runtimeConfiguration":{"paginationPolicy":{"minimumItemCount":100000}}},"Select_all":{"runAfter":{"Get_all_items":["Succeeded"]},"metadata":{"operationMetadataId":"82f1e41d-498d-45df-8a5d-cc4fe0322e19"},"type":"Select","inputs":{"from":"@outputs('Get_all_items')?['body/value']","select":{"_ID":"@item()?['ID']","_line":"@item()?['Line/Value']","_started":"@item()?['Started']","_ended":"@item()?['Ended']","_reason":"@item()?['Reason']?['Value']","_total":"@item()?['Total_Downtime']","_comments":"@item()?['Comments']","_shift":"@item()?['Shift_Letter']","_created":"@item()?['Created']","_modifed":"@item()?['Modified']","_edit_person":"@item()?['Edit_Person']","_edit_reason":"@item()?['Edit_Reason']","_lot":"@item()?['Lot']","_catalog":"@item()?['Catalog']","_size":"@item()?['Size']"}}},"Compose_all":{"runAfter":{"Select_all":["Succeeded"]},"metadata":{"operationMetadataId":"0c522cc0-7c72-41e4-b2a0-6bbd1fb7fbad"},"type":"Compose","inputs":"@body('Select_all')"},"Respond_to_a_PowerApp_or_flow":{"runAfter":{"Compose_all":["Succeeded"]},"metadata":{"operationMetadataId":"d388b796-5588-41d5-bcfb-049c4ceb8b04"},"type":"Response","kind":"PowerApp","inputs":{"schema":{"type":"object","properties":{"output":{"title":"output","x-ms-dynamically-added":true,"type":"string"}},"additionalProperties":{}},"statusCode":200,"body":{"output":"@{outputs('Compose_all')}"}}}},"runAfter":{},"else":{"actions":{"Get_filtered_items":{"metadata":{"operationMetadataId":"6b1e83b2-ea56-4913-b883-49655e0b94b3"},"type":"OpenApiConnection","inputs":{"parameters":{"dataset":"https://mdigital.sharepoint.com/sites/RaysTest","table":"c7cef5de-025f-4d69-a450-292ffa78ecbc","$filter":"Line eq '@{triggerBody()['text']}' and Ended ge '@{triggerBody()['date_1']}T00:00:00Z' and Ended lt '@{addDays(triggerBody()['date'], 1, 'yyyy-MM-dd')}T05:00:00Z'","$orderby":"Ended desc"},"host":{"apiId":"/providers/Microsoft.PowerApps/apis/shared_sharepointonline","connectionName":"shared_sharepointonline","operationId":"GetItems"},"authentication":{"value":"@json(decodeBase64(triggerOutputs().headers['X-MS-APIM-Tokens']))['$ConnectionKey']","type":"Raw"}},"runtimeConfiguration":{"paginationPolicy":{"minimumItemCount":100000}}},"Select_filtered":{"runAfter":{"Get_filtered_items":["Succeeded"]},"metadata":{"operationMetadataId":"764c0cb5-da12-4542-b1e7-5b0fa62e48db"},"type":"Select","inputs":{"from":"@outputs('Get_filtered_items')?['body/value']","select":{"_ID":"@item()?['ID']","_line":"@item()?['Line/Value']","_started":"@item()?['Started']","_ended":"@item()?['Ended']","_reason":"@item()?['Reason']?['Value']","_total":"@item()?['Total_Downtime']","_comments":"@item()?['Comments']","_shift":"@item()?['Shift_Letter']","_created":"@item()?['Created']","_modifed":"@item()?['Modified']","_edit_person":"@item()?['Edit_Person']","_edit_reason":"@item()?['Edit_Reason']","_lot":"@item()?['Lot']","_catalog":"@item()?['Catalog']","_size":"@item()?['Size']"}}},"Compose_filtered":{"runAfter":{"Select_filtered":["Succeeded"]},"metadata":{"operationMetadataId":"05b2ce2e-cf10-4d3c-9a89-4bf2ad40bda7"},"type":"Compose","inputs":"@body('Select_filtered')"},"Respond_to_a_PowerApp_or_flow_filtered":{"runAfter":{"Compose_filtered":["Succeeded"]},"metadata":{"operationMetadataId":"53a91104-96bc-416f-a336-5aa8d26c57b1"},"type":"Response","kind":"PowerApp","inputs":{"schema":{"type":"object","properties":{"output":{"title":"output","x-ms-dynamically-added":true,"type":"string"}},"additionalProperties":{}},"statusCode":200,"body":{"output":"@{outputs('Compose_filtered')}"}}}}},"expression":{"equals":["@triggerBody()['text']","All"]},"metadata":{"operationMetadataId":"c5a59620-fbf4-48b9-97ac-52cd8e69adee"},"type":"If"}}},"connectionReferences":{"shared_sharepointonline":{"connectionName":"624e4cdc2b504769a1171cc52500116c","source":"Invoker","id":"/providers/Microsoft.PowerApps/apis/shared_sharepointonline","tier":"NotSpecified"}},"flowFailureAlertSubscribed":false,"isManaged":false}}