ID, DateTime, Shift, Downtime Minutes, Downtime Reason, Comments
87421,2024-10-01 06:33:03,C,423.89,Pleater Mechanical or Blade Maint.,
87422,2024-10-01 06:58:30,C,25.36,Pleater Mechanical or Blade Maint.,
87423,2024-10-01 06:58:58,C,0.46,Short Stop,
87424,2024-10-01 07:08:28,A,9.4,Pleater Mechanical or Blade Maint.,
87425,2024-10-01 07:09:18,A,0.07,Short Stop,
87426,2024-10-01 07:11:18,A,0.99,Short Stop,
87427,2024-10-01 07:33:28,A,10.41,Staffing,
87428,2024-10-01 07:55:08,A,1.66,Short Stop,
87429,2024-10-01 07:56:58,A,0.24,Short Stop,
87430,2024-10-01 08:13:37,A,3.99,Short Stop,
87431,2024-10-01 08:14:23,A,0.66,Short Stop,
87432,2024-10-01 08:31:33,A,2.15,Short Stop,
87433,2024-10-01 08:36:13,A,4.57,Short Stop,
87434,2024-10-01 08:37:53,A,0.08,Short Stop,
87435,2024-10-01 08:38:03,A,0.08,Short Stop,
87436,2024-10-01 08:48:13,A,2.98,Short Stop,
87437,2024-10-01 08:49:08,A,0.15,Short Stop,
87438,2024-10-01 10:43:18,A,1.65,Short Stop,
87439,2024-10-01 10:45:03,A,0.07,Short Stop,
87440,2024-10-01 11:24:43,A,4.67,Short Stop,
87441,2024-10-01 11:35:38,A,9.07,Not Entered,
87442,2024-10-01 11:37:43,A,1.49,Short Stop,
87443,2024-10-01 11:39:38,A,1.16,Short Stop,
87444,2024-10-01 11:44:28,A,1.08,Short Stop,
87445,2024-10-01 11:49:18,A,0.92,Short Stop,
87446,2024-10-01 12:19:07,A,3.66,Short Stop,
87447,2024-10-01 12:20:28,A,0.08,Short Stop,
87448,2024-10-01 13:40:28,A,2.75,Short Stop,
87449,2024-10-01 13:43:58,A,3.42,Short Stop,
87450,2024-10-01 13:45:18,A,0.65,Short Stop,
87451,2024-10-01 13:45:48,A,0.32,Short Stop,
87452,2024-10-01 13:48:58,A,2.99,Short Stop,
87453,2024-10-01 14:04:23,A,3.92,Short Stop,
87454,2024-10-01 14:04:48,A,0.23,Short Stop,
87455,2024-10-01 14:17:28,A,0.49,Short Stop,
87456,2024-10-01 14:17:43,A,0.08,Short Stop,
87457,2024-10-01 14:19:03,A,0.58,Short Stop,
87458,2024-10-01 14:35:48,A,1.49,Short Stop,
87459,2024-10-01 14:55:28,A,9.99,Not Entered,
87460,2024-10-01 15:08:18,B,7.82,Shift Change,
87461,2024-10-01 16:29:22,B,1.82,Short Stop,
87462,2024-10-01 16:34:02,B,0.91,Short Stop,
87463,2024-10-01 16:34:42,B,0.08,Short Stop,
87464,2024-10-01 17:19:53,B,1.91,Short Stop,
87465,2024-10-01 17:42:13,B,1.0,Short Stop,
87466,2024-10-01 19:01:28,B,10.08,Roll Change,
87467,2024-10-01 19:21:08,B,10.41,Roll Change,
87468,2024-10-01 20:13:22,B,1.66,Short Stop,
87469,2024-10-01 20:27:48,B,4.57,Short Stop,
87470,2024-10-01 20:29:38,B,0.32,Short Stop,
87471,2024-10-01 22:56:43,B,9.75,Not Entered,
87472,2024-10-01 23:02:28,C,2.0,Short Stop,
87473,2024-10-01 23:16:48,C,9.9,Waiting for Materials,
87474,2024-10-01 23:23:33,C,0.58,Short Stop,
87475,2024-10-02 00:34:53,C,4.25,Short Stop,
87476,2024-10-02 01:26:03,C,4.33,Short Stop,
87477,2024-10-02 01:31:13,C,5.08,Pleater Mechanical or Blade Maint.,
87478,2024-10-02 01:31:23,C,0.07,Short Stop,
87479,2024-10-02 01:37:08,C,2.33,Short Stop,
87480,2024-10-02 02:01:32,C,2.23,Short Stop,
87481,2024-10-02 03:40:32,C,10.75,Roll Change,
87482,2024-10-02 04:15:02,C,0.91,Short Stop,
87483,2024-10-02 04:25:47,C,3.15,Short Stop,
87484,2024-10-02 04:46:03,C,8.17,Lot Changeover,
87485,2024-10-02 06:24:53,C,95.07,Lot Changeover,
87486,2024-10-02 06:33:03,C,4.92,Short Stop,
87487,2024-10-02 06:58:00,C,24.86,Pleater Mechanical or Blade Maint.,
87488,2024-10-02 07:08:28,A,10.4,Lot Changeover,
87489,2024-10-02 07:09:08,A,0.15,Short Stop,
87490,2024-10-02 07:09:58,A,0.07,Short Stop,
87491,2024-10-02 07:30:28,A,9.99,Lot Changeover,
87492,2024-10-02 09:33:03,A,3.57,Short Stop,
87493,2024-10-02 09:37:38,A,1.74,Short Stop,
87494,2024-10-02 09:55:43,A,1.57,Short Stop,
87495,2024-10-02 09:57:18,A,0.08,Short Stop,
87496,2024-10-02 11:25:38,A,66.24,Pleater Mechanical or Blade Maint.,slitter would not turn
87497,2024-10-02 11:26:28,A,0.32,Short Stop,
87498,2024-10-02 11:27:13,A,0.57,Short Stop,
87499,2024-10-02 11:27:28,A,0.07,Short Stop,
87500,2024-10-02 11:27:48,A,0.16,Short Stop,
87501,2024-10-02 11:37:43,A,9.82,Pleater Mechanical or Blade Maint.,Waiting for micrometer to be fixed
87502,2024-10-02 11:38:33,A,0.57,Short Stop,
87503,2024-10-02 14:23:38,A,119.74,Not Entered,
87504,2024-10-02 14:54:53,A,9.66,Not Entered,
87505,2024-10-02 14:58:03,A,0.04,Short Stop,
87506,2024-10-02 15:06:43,B,6.98,Roll Change,
87507,2024-10-02 16:00:28,B,2.32,Short Stop,
87508,2024-10-02 16:23:03,B,2.75,Short Stop,
87509,2024-10-02 16:33:48,B,3.24,Short Stop,
87510,2024-10-02 16:35:28,B,0.07,Short Stop,
87511,2024-10-02 16:36:13,B,0.07,Short Stop,
87512,2024-10-02 18:48:58,B,1.57,Short Stop,
87513,2024-10-02 18:49:18,B,0.07,Short Stop,
87514,2024-10-02 19:07:13,B,3.07,Short Stop,
87515,2024-10-02 21:26:13,B,1.57,Short Stop,
87516,2024-10-02 21:41:28,B,1.08,Short Stop,
87517,2024-10-02 22:55:18,B,9.83,Shift Change,
87518,2024-10-02 22:58:03,B,0.05,Short Stop,
87519,2024-10-02 23:10:38,C,10.17,Not Entered,
87520,2024-10-02 23:44:23,C,11.25,Not Entered,
87521,2024-10-03 06:35:09,C,406.0,Planned Downtime (PM or Cal),
87522,2024-10-03 06:58:00,C,22.76,Not Entered,
87523,2024-10-03 14:58:00,A,479.94,Did Not Run,
87524,2024-10-03 15:22:38,B,24.58,Not Entered,
87525,2024-10-03 16:04:48,B,1.57,Short Stop,
87526,2024-10-03 16:20:43,B,1.25,Short Stop,
87527,2024-10-03 18:08:07,B,8.06,Not Entered,
87528,2024-10-03 18:53:53,B,5.57,Not Entered,
87529,2024-10-03 19:10:58,B,1.66,Short Stop,
87530,2024-10-03 19:12:58,B,0.24,Short Stop,
87531,2024-10-03 21:30:08,B,0.65,Short Stop,
87532,2024-10-03 21:42:08,B,0.5,Short Stop,
87533,2024-10-03 22:58:00,B,60.61,Not Entered,
87534,2024-10-04 06:58:00,C,479.94,Planned Downtime (PM or Cal),
87535,2024-10-04 14:58:00,A,479.94,Planned Downtime (PM or Cal),
87536,2024-10-04 22:58:22,B,31.1,,
87537,2024-10-05 06:58:22,E,479.99,Did Not Run,
87538,2024-10-05 14:58:22,D,479.98,Did Not Run,
87539,2024-10-05 22:58:00,E,479.63,Did Not Run,
87540,2024-10-06 06:58:00,E,479.95,Did Not Run,
87541,2024-10-06 13:48:50,D,410.79,Not Entered,
87542,2024-10-06 14:32:00,D,43.0,Not Entered,
87543,2024-10-06 14:35:50,D,3.65,Short Stop,
87544,2024-10-06 14:39:55,D,3.99,Short Stop,
87545,2024-10-06 14:42:30,D,2.41,Short Stop,
87546,2024-10-06 14:58:00,D,15.4,Not Entered,
87547,2024-10-06 22:58:00,E,479.93,Did Not Run,
87548,2024-10-06 23:39:05,C,41.03,Waiting for Materials,
87549,2024-10-07 00:03:26,C,24.25,Waiting for Materials,
87550,2024-10-07 02:18:11,C,134.66,Waiting for Materials,
87551,2024-10-07 02:19:11,C,0.91,Short Stop,
87552,2024-10-07 02:22:21,C,3.07,Short Stop,
87553,2024-10-07 02:22:56,C,0.41,Short Stop,
87554,2024-10-07 02:23:36,C,0.41,Short Stop,
87555,2024-10-07 02:24:26,C,0.66,Short Stop,
87556,2024-10-07 02:24:46,C,0.16,Short Stop,
87557,2024-10-07 02:26:16,C,1.33,Short Stop,
87558,2024-10-07 02:27:01,C,0.58,Short Stop,
87559,2024-10-07 02:31:30,C,0.25,Short Stop,
87560,2024-10-07 02:32:45,C,0.48,Short Stop,
87561,2024-10-07 02:37:20,C,0.9,Short Stop,
87562,2024-10-07 02:38:20,C,0.16,Short Stop,
87563,2024-10-07 02:39:10,C,0.24,Short Stop,
87564,2024-10-07 02:40:50,C,1.41,Short Stop,
87565,2024-10-07 02:41:15,C,0.24,Short Stop,
87566,2024-10-07 02:41:25,C,0.07,Short Stop,
87567,2024-10-07 02:41:45,C,0.16,Short Stop,
87568,2024-10-07 02:51:00,C,0.67,Short Stop,
87569,2024-10-07 02:54:40,C,2.15,Short Stop,
87570,2024-10-07 02:55:20,C,0.07,Short Stop,
87571,2024-10-07 02:58:00,C,2.57,Short Stop,
87572,2024-10-07 02:59:10,C,0.07,Short Stop,
87573,2024-10-07 02:59:25,C,0.07,Short Stop,
87574,2024-10-07 03:02:15,C,1.41,Short Stop,
87575,2024-10-07 03:08:40,C,1.83,Short Stop,
87576,2024-10-07 03:41:40,C,10.32,Staffing,
87577,2024-10-07 04:05:41,C,1.08,Short Stop,
87578,2024-10-07 04:18:51,C,0.25,Short Stop,
87579,2024-10-07 05:50:41,C,0.67,Short Stop,
87580,2024-10-07 05:53:11,C,2.15,Short Stop,
87581,2024-10-07 06:03:06,C,0.57,Short Stop,
87582,2024-10-07 06:58:00,C,36.45,Staffing,
87583,2024-10-07 07:07:26,A,9.38,Shift Change,
87584,2024-10-07 07:25:41,A,5.99,Planned Downtime (PM or Cal),
87585,2024-10-07 07:38:30,A,0.4,Short Stop,
87586,2024-10-07 07:39:40,A,0.49,Short Stop,
87587,2024-10-07 07:40:25,A,0.57,Short Stop,
87588,2024-10-07 07:46:10,A,0.74,Short Stop,
87589,2024-10-07 08:05:31,A,1.83,Short Stop,
87590,2024-10-07 08:17:21,A,2.99,Short Stop,
87591,2024-10-07 08:18:46,A,0.07,Short Stop,
87592,2024-10-07 08:47:15,A,7.66,Staffing,
87593,2024-10-07 10:00:05,A,0.99,Short Stop,
87594,2024-10-07 10:00:50,A,0.32,Short Stop,
87595,2024-10-07 10:02:40,A,0.49,Short Stop,
87596,2024-10-07 10:03:45,A,0.82,Short Stop,
87597,2024-10-07 10:05:25,A,1.49,Short Stop,
87598,2024-10-07 10:06:10,A,0.49,Short Stop,
87599,2024-10-07 10:07:05,A,0.16,Short Stop,
87600,2024-10-07 10:07:25,A,0.08,Short Stop,
87601,2024-10-07 10:07:55,A,0.24,Short Stop,
87602,2024-10-07 10:23:41,A,6.49,Roll Change,
87603,2024-10-07 10:24:31,A,0.07,Short Stop,
87604,2024-10-07 10:30:15,A,0.58,Short Stop,
87605,2024-10-07 10:43:50,A,2.16,Short Stop,
87606,2024-10-07 10:44:40,A,0.07,Short Stop,
87607,2024-10-07 10:45:40,A,0.08,Short Stop,
87608,2024-10-07 10:46:20,A,0.08,Short Stop,
87609,2024-10-07 11:27:31,A,7.32,Planned Downtime (PM or Cal),
87610,2024-10-07 11:43:10,A,1.16,Short Stop,
87611,2024-10-07 11:49:30,A,3.08,Short Stop,
87612,2024-10-07 11:50:50,A,0.5,Short Stop,
87613,2024-10-07 11:51:50,A,0.33,Short Stop,
87614,2024-10-07 11:59:50,A,6.15,Roll Change,
87615,2024-10-07 12:00:55,A,0.07,Short Stop,
87616,2024-10-07 12:19:41,A,3.15,Short Stop,
87617,2024-10-07 12:48:16,A,0.5,Short Stop,
87618,2024-10-07 13:18:31,A,5.07,Staffing,
87619,2024-10-07 13:23:46,A,5.16,Staffing,
87620,2024-10-07 13:55:45,A,0.82,Short Stop,
87621,2024-10-07 13:57:45,A,0.49,Short Stop,
87622,2024-10-07 14:04:55,A,6.16,Roll Change,
87623,2024-10-07 14:36:36,A,5.82,Roll Change,
87624,2024-10-07 14:54:26,A,10.5,Shift Change,
87625,2024-10-07 14:55:36,A,0.9,Short Stop,
87626,2024-10-07 14:58:00,A,0.72,Short Stop,
87627,2024-10-07 15:06:16,B,8.21,Shift Change,
87628,2024-10-07 15:16:21,B,7.66,Shift Change,
87629,2024-10-07 15:30:16,B,1.58,Short Stop,
87630,2024-10-07 15:31:51,B,0.08,Short Stop,
87631,2024-10-07 15:32:01,B,0.08,Short Stop,
87632,2024-10-07 15:34:01,B,0.07,Short Stop,
87633,2024-10-07 15:34:11,B,0.07,Short Stop,
87634,2024-10-07 15:40:31,B,2.66,Short Stop,
87635,2024-10-07 15:43:41,B,3.08,Short Stop,
87636,2024-10-07 15:44:41,B,0.74,Short Stop,
87637,2024-10-07 15:47:56,B,2.0,Short Stop,
87638,2024-10-07 15:51:31,B,0.58,Short Stop,
87639,2024-10-07 17:49:01,B,1.41,Short Stop,
87640,2024-10-07 17:50:11,B,0.42,Short Stop,
87641,2024-10-07 17:51:46,B,0.5,Short Stop,
87642,2024-10-07 17:52:06,B,0.17,Short Stop,
87643,2024-10-07 17:52:41,B,0.07,Short Stop,
87644,2024-10-07 17:53:01,B,0.07,Short Stop,
87645,2024-10-07 17:53:46,B,0.23,Short Stop,
87646,2024-10-07 17:54:06,B,0.07,Short Stop,
87647,2024-10-07 17:54:26,B,0.07,Short Stop,
87648,2024-10-07 17:55:31,B,0.9,Short Stop,
87649,2024-10-07 17:55:51,B,0.15,Short Stop,
87650,2024-10-07 17:58:51,B,2.74,Short Stop,
87651,2024-10-07 17:59:36,B,0.07,Short Stop,
87652,2024-10-07 18:05:36,B,1.08,Short Stop,
87653,2024-10-07 18:08:21,B,1.16,Short Stop,
87654,2024-10-07 18:14:06,B,3.08,Short Stop,
87655,2024-10-07 18:30:40,B,0.58,Short Stop,
87656,2024-10-07 18:56:01,B,9.57,Staffing,
87657,2024-10-07 19:15:51,B,5.57,Staffing,
87658,2024-10-07 19:33:10,B,0.9,Short Stop,
87659,2024-10-07 19:37:46,B,3.08,Short Stop,
87660,2024-10-07 19:38:26,B,0.5,Short Stop,
87661,2024-10-07 19:39:16,B,0.75,Short Stop,
87662,2024-10-07 19:41:31,B,0.48,Short Stop,
87663,2024-10-07 19:42:41,B,0.4,Short Stop,
87664,2024-10-07 19:43:31,B,0.15,Short Stop,
87665,2024-10-07 19:45:06,B,0.82,Short Stop,
87666,2024-10-07 19:47:16,B,0.16,Short Stop,
87667,2024-10-07 20:06:56,B,0.49,Short Stop,
87668,2024-10-07 20:20:46,B,4.82,Short Stop,
87669,2024-10-07 21:14:46,B,6.75,Shift Change,
87670,2024-10-07 21:31:10,B,8.16,Roll Change,
87671,2024-10-07 21:48:36,B,7.08,Roll Change,
87672,2024-10-07 21:56:16,B,1.24,Short Stop,
87673,2024-10-07 21:56:51,B,0.49,Short Stop,
87674,2024-10-07 22:00:16,B,3.24,Short Stop,
87675,2024-10-07 22:00:46,B,0.32,Short Stop,
87676,2024-10-07 22:01:56,B,0.99,Short Stop,
87677,2024-10-07 22:08:56,B,2.5,Short Stop,
87678,2024-10-07 22:09:06,B,0.08,Short Stop,
87679,2024-10-07 22:31:35,B,2.17,Short Stop,
87680,2024-10-07 22:33:05,B,0.15,Short Stop,
87681,2024-10-07 22:33:35,B,0.32,Short Stop,
87682,2024-10-07 22:55:56,B,10.33,Planned Downtime (PM or Cal),
87683,2024-10-07 22:58:03,B,0.04,Short Stop,
87684,2024-10-07 23:08:45,C,4.07,Short Stop,
87685,2024-10-07 23:45:55,C,1.25,Short Stop,
87686,2024-10-07 23:48:25,C,0.4,Short Stop,
87687,2024-10-07 23:55:50,C,0.57,Short Stop,
87688,2024-10-08 00:35:47,C,4.66,Short Stop,
87689,2024-10-08 01:12:47,C,0.49,Short Stop,
87690,2024-10-08 02:13:17,C,41.07,Lot Changeover,
87691,2024-10-08 02:15:42,C,0.91,Short Stop,
87692,2024-10-08 02:18:52,C,1.24,Short Stop,
87693,2024-10-08 02:19:52,C,0.33,Short Stop,
87694,2024-10-08 02:27:17,C,0.23,Short Stop,
87695,2024-10-08 02:30:52,C,0.65,Short Stop,
87696,2024-10-08 02:37:47,C,1.24,Short Stop,
87697,2024-10-08 03:27:47,C,1.32,Short Stop,
87698,2024-10-08 03:37:42,C,6.83,Training,
87699,2024-10-08 03:40:02,C,0.33,Short Stop,
87700,2024-10-08 03:40:17,C,0.08,Short Stop,
87701,2024-10-08 03:40:32,C,0.16,Short Stop,
87702,2024-10-08 03:40:47,C,0.16,Short Stop,
87703,2024-10-08 03:41:02,C,0.08,Short Stop,
87704,2024-10-08 03:41:17,C,0.16,Short Stop,
87705,2024-10-08 03:41:37,C,0.16,Short Stop,
87706,2024-10-08 03:41:52,C,0.16,Short Stop,
87707,2024-10-08 05:31:27,C,5.49,Training,
87708,2024-10-08 05:38:57,C,0.16,Short Stop,
87709,2024-10-08 06:33:32,C,4.82,Short Stop,
87710,2024-10-08 06:54:07,C,6.57,Shift Change,
87711,2024-10-08 06:56:12,C,0.57,Short Stop,
87712,2024-10-08 06:56:37,C,0.32,Short Stop,
87713,2024-10-08 07:07:32,A,6.4,Shift Change,
87714,2024-10-08 07:13:12,A,2.16,Short Stop,
87715,2024-10-08 07:13:37,A,0.24,Short Stop,
87716,2024-10-08 07:25:17,A,5.0,Short Stop,
87717,2024-10-08 07:45:17,A,0.83,Short Stop,
87718,2024-10-08 08:11:52,A,0.41,Short Stop,
87719,2024-10-08 08:13:32,A,1.58,Short Stop,
87720,2024-10-08 08:22:52,A,2.41,Short Stop,
87721,2024-10-08 08:36:37,A,2.42,Short Stop,
87722,2024-10-08 08:38:47,A,0.07,Short Stop,
87723,2024-10-08 08:39:37,A,0.15,Short Stop,
87724,2024-10-08 08:56:12,A,0.17,Short Stop,
87725,2024-10-08 09:05:02,A,0.07,Short Stop,
87726,2024-10-08 09:08:07,A,1.57,Short Stop,
87727,2024-10-08 09:31:12,A,2.32,Short Stop,
87728,2024-10-08 09:39:47,A,3.16,Short Stop,
87729,2024-10-08 09:41:22,A,0.24,Short Stop,
87730,2024-10-08 09:43:02,A,0.75,Short Stop,
87731,2024-10-08 10:12:57,A,3.32,Short Stop,
87732,2024-10-08 10:16:57,A,3.91,Short Stop,
87733,2024-10-08 11:04:42,A,4.17,Short Stop,
87734,2024-10-08 11:04:52,A,0.08,Short Stop,
87735,2024-10-08 11:05:27,A,0.07,Short Stop,
87736,2024-10-08 11:24:42,A,4.67,Short Stop,
87737,2024-10-08 11:40:47,A,0.25,Short Stop,
87738,2024-10-08 12:00:32,A,2.99,Short Stop,
87739,2024-10-08 12:01:12,A,0.08,Short Stop,
87740,2024-10-08 12:01:57,A,0.08,Short Stop,
87741,2024-10-08 12:05:07,A,0.98,Short Stop,
87742,2024-10-08 12:23:17,A,5.08,Training,
87743,2024-10-08 12:25:02,A,0.17,Short Stop,
87744,2024-10-08 13:31:57,A,0.49,Short Stop,
87745,2024-10-08 13:33:32,A,0.24,Short Stop,
87746,2024-10-08 14:29:42,A,1.32,Short Stop,
87747,2024-10-08 14:29:57,A,0.07,Short Stop,
87748,2024-10-08 14:31:37,A,0.15,Short Stop,
87749,2024-10-08 14:49:57,A,7.07,Roll Change,
87750,2024-10-08 14:50:12,A,0.07,Short Stop,
87751,2024-10-08 14:50:57,A,0.57,Short Stop,
87752,2024-10-08 14:52:52,A,0.16,Short Stop,
87753,2024-10-08 14:53:07,A,0.07,Short Stop,
87754,2024-10-08 14:53:17,A,0.07,Short Stop,
87755,2024-10-08 14:53:32,A,0.07,Short Stop,
87756,2024-10-08 14:58:25,A,0.71,Short Stop,
87757,2024-10-08 15:15:02,B,16.6,Slitter Issues,
87758,2024-10-08 15:24:42,B,9.58,Slitter Issues,
87759,2024-10-08 15:26:57,B,0.25,Short Stop,
87760,2024-10-08 15:42:07,B,0.33,Short Stop,
87761,2024-10-08 15:42:37,B,0.33,Short Stop,
87762,2024-10-08 15:43:07,B,0.33,Short Stop,
87763,2024-10-08 15:44:27,B,1.16,Short Stop,
87764,2024-10-08 15:45:12,B,0.08,Short Stop,
87765,2024-10-08 16:16:12,B,5.41,Roll Change,
87766,2024-10-08 16:16:57,B,0.08,Short Stop,
87767,2024-10-08 16:17:42,B,0.08,Short Stop,
87768,2024-10-08 16:18:27,B,0.08,Short Stop,
87769,2024-10-08 16:19:27,B,0.33,Short Stop,
87770,2024-10-08 16:20:22,B,0.66,Short Stop,
87771,2024-10-08 17:45:52,B,0.9,Short Stop,
87772,2024-10-08 18:45:47,B,0.92,Short Stop,
87773,2024-10-08 18:46:32,B,0.33,Short Stop,
87774,2024-10-08 18:51:32,B,0.07,Short Stop,
87775,2024-10-08 18:51:52,B,0.07,Short Stop,
87776,2024-10-08 18:54:17,B,0.32,Short Stop,
87777,2024-10-08 18:54:32,B,0.07,Short Stop,
87778,2024-10-08 18:55:42,B,0.16,Short Stop,
87779,2024-10-08 18:56:07,B,0.16,Short Stop,
87780,2024-10-08 18:56:27,B,0.16,Short Stop,
87781,2024-10-08 18:57:02,B,0.33,Short Stop,
87782,2024-10-08 19:02:02,B,4.65,Short Stop,
87783,2024-10-08 19:05:47,B,3.65,Short Stop,
87784,2024-10-08 19:07:57,B,0.07,Short Stop,
87785,2024-10-08 19:08:52,B,0.24,Short Stop,
87786,2024-10-08 19:09:42,B,0.15,Short Stop,
87787,2024-10-08 19:10:37,B,0.15,Short Stop,
87788,2024-10-08 19:11:32,B,0.24,Short Stop,
87789,2024-10-08 19:12:22,B,0.16,Short Stop,
87790,2024-10-08 20:00:32,B,2.91,Short Stop,
87791,2024-10-08 20:01:02,B,0.16,Short Stop,
87792,2024-10-08 20:14:07,B,2.74,Short Stop,
87793,2024-10-08 20:15:27,B,0.16,Short Stop,
87794,2024-10-08 20:16:42,B,0.58,Short Stop,
87795,2024-10-08 20:46:27,B,0.07,Short Stop,
87796,2024-10-08 21:27:32,B,2.25,Short Stop,
87797,2024-10-08 21:39:22,B,9.08,Roll Change,
87798,2024-10-08 22:30:52,B,8.99,Roll Change,
87799,2024-10-08 22:37:27,B,0.16,Short Stop,
87800,2024-10-08 22:40:57,B,3.33,Short Stop,
87801,2024-10-08 22:42:57,B,0.25,Short Stop,
87802,2024-10-08 22:43:07,B,0.08,Short Stop,
87803,2024-10-08 22:43:27,B,0.25,Short Stop,
87804,2024-10-08 22:43:47,B,0.25,Short Stop,
87805,2024-10-08 22:54:57,B,9.16,Roll Change,
87806,2024-10-08 22:58:25,B,2.13,Short Stop,
87807,2024-10-08 23:05:37,C,7.19,Shift Change,
87808,2024-10-08 23:10:47,C,4.08,Short Stop,
87809,2024-10-09 00:23:17,C,10.75,Pleater Mechanical or Blade Maint.,
87810,2024-10-09 00:23:42,C,0.33,Short Stop,
87811,2024-10-09 00:34:52,C,3.74,Short Stop,
87812,2024-10-09 00:46:37,C,2.75,Short Stop,
87813,2024-10-09 00:47:17,C,0.42,Short Stop,
87814,2024-10-09 00:48:22,C,0.25,Short Stop,
87815,2024-10-09 00:48:37,C,0.08,Short Stop,
87816,2024-10-09 00:48:57,C,0.17,Short Stop,
87817,2024-10-09 00:52:32,C,0.57,Short Stop,
87818,2024-10-09 02:30:32,C,3.99,Short Stop,
87819,2024-10-09 02:31:17,C,0.49,Short Stop,
87820,2024-10-09 02:31:27,C,0.07,Short Stop,
87821,2024-10-09 02:42:17,C,0.08,Short Stop,
87822,2024-10-09 02:44:42,C,0.42,Short Stop,
87823,2024-10-09 02:46:32,C,0.32,Short Stop,
87824,2024-10-09 03:05:57,C,9.23,Not Entered,
87825,2024-10-09 03:39:32,C,6.16,Not Entered,
87826,2024-10-09 04:02:17,C,0.5,Short Stop,
87827,2024-10-09 05:04:47,C,0.32,Short Stop,
87828,2024-10-09 05:05:22,C,0.4,Short Stop,
87829,2024-10-09 06:58:00,C,94.05,Not Entered,
87830,2024-10-09 07:23:02,A,24.98,Lot Changeover,
87831,2024-10-09 07:25:57,A,2.83,Short Stop,
87832,2024-10-09 07:26:47,A,0.67,Short Stop,
87833,2024-10-09 07:27:57,A,0.98,Short Stop,
87834,2024-10-09 07:44:07,A,5.25,Lot Changeover,
87835,2024-10-09 07:48:52,A,4.65,Short Stop,
87836,2024-10-09 07:49:37,A,0.07,Short Stop,
87837,2024-10-09 07:50:27,A,0.07,Short Stop,
87838,2024-10-09 07:51:22,A,0.24,Short Stop,
87839,2024-10-09 07:52:52,A,0.65,Short Stop,
87840,2024-10-09 07:58:07,A,2.08,Short Stop,
87841,2024-10-09 08:06:07,A,0.98,Short Stop,
87842,2024-10-09 08:54:28,A,0.58,Short Stop,
87843,2024-10-09 10:33:33,A,3.65,Short Stop,
87844,2024-10-09 10:35:28,A,0.4,Short Stop,
87845,2024-10-09 10:35:58,A,0.24,Short Stop,
87846,2024-10-09 10:36:43,A,0.16,Short Stop,
87847,2024-10-09 10:37:43,A,0.16,Short Stop,
87848,2024-10-09 10:42:03,A,4.16,Short Stop,
87849,2024-10-09 10:44:08,A,0.16,Short Stop,
87850,2024-10-09 10:45:33,A,0.25,Short Stop,
87851,2024-10-09 10:46:18,A,0.17,Short Stop,
87852,2024-10-09 10:47:13,A,0.15,Short Stop,
87853,2024-10-09 10:47:48,A,0.23,Short Stop,
87854,2024-10-09 10:48:53,A,0.32,Short Stop,
87855,2024-10-09 10:49:33,A,0.24,Short Stop,
87856,2024-10-09 10:50:53,A,1.15,Short Stop,
87857,2024-10-09 10:51:28,A,0.4,Short Stop,
87858,2024-10-09 10:52:33,A,0.32,Short Stop,
87859,2024-10-09 10:53:33,A,0.24,Short Stop,
87860,2024-10-09 10:54:33,A,0.16,Short Stop,
87861,2024-10-09 10:55:03,A,0.24,Short Stop,
87862,2024-10-09 10:59:43,A,0.75,Short Stop,
87863,2024-10-09 11:00:32,A,0.64,Short Stop,
87864,2024-10-09 11:02:37,A,0.42,Short Stop,
87865,2024-10-09 11:03:17,A,0.17,Short Stop,
87866,2024-10-09 11:08:32,A,4.66,Short Stop,
87867,2024-10-09 11:16:57,A,5.66,Pleater Mechanical or Blade Maint.,
87868,2024-10-09 11:18:22,A,0.32,Short Stop,
87869,2024-10-09 11:18:52,A,0.24,Short Stop,
87870,2024-10-09 11:19:07,A,0.07,Short Stop,
87871,2024-10-09 11:20:12,A,0.41,Short Stop,
87872,2024-10-09 11:24:07,A,3.33,Short Stop,
87873,2024-10-09 11:24:27,A,0.16,Short Stop,
87874,2024-10-09 11:24:52,A,0.08,Short Stop,
87875,2024-10-09 11:26:38,A,0.33,Short Stop,
87876,2024-10-09 11:41:08,A,2.08,Short Stop,
87877,2024-10-09 11:42:48,A,0.08,Short Stop,
87878,2024-10-09 13:09:27,A,2.4,Short Stop,
87879,2024-10-09 13:28:52,A,2.99,Short Stop,
87880,2024-10-09 13:58:07,A,2.32,Short Stop,
87881,2024-10-09 14:02:02,A,0.66,Short Stop,
87882,2024-10-09 14:10:32,A,2.07,Short Stop,
87883,2024-10-09 14:12:22,A,0.07,Short Stop,
87884,2024-10-09 14:13:02,A,0.07,Short Stop,
87885,2024-10-09 14:14:27,A,0.66,Short Stop,
87886,2024-10-09 14:15:27,A,0.07,Short Stop,
87887,2024-10-09 14:28:17,A,0.9,Short Stop,
87888,2024-10-09 14:32:32,A,2.4,Short Stop,
87889,2024-10-09 14:35:12,A,0.82,Short Stop,
87890,2024-10-09 14:49:18,A,9.5,Not Entered,
87891,2024-10-09 14:58:00,A,2.71,Short Stop,
87892,2024-10-09 14:59:58,A,1.9,Short Stop,
87893,2024-10-09 15:01:57,B,0.58,Short Stop,
87894,2024-10-09 16:44:23,B,4.75,Short Stop,
87895,2024-10-09 16:45:33,B,0.16,Short Stop,
87896,2024-10-09 17:25:37,B,5.17,Slitter Issues,
87897,2024-10-09 17:32:32,B,1.32,Short Stop,
87898,2024-10-09 17:33:52,B,0.82,Short Stop,
87899,2024-10-09 17:34:42,B,0.07,Short Stop,
87900,2024-10-09 17:36:02,B,0.16,Short Stop,
87901,2024-10-09 17:37:52,B,0.24,Short Stop,
87902,2024-10-09 17:49:52,B,0.07,Short Stop,
87903,2024-10-09 18:04:52,B,7.4,Roll Change,
87904,2024-10-09 18:08:12,B,0.32,Short Stop,
87905,2024-10-09 18:11:27,B,1.99,Short Stop,
87906,2024-10-09 18:12:42,B,0.32,Short Stop,
87907,2024-10-09 18:13:37,B,0.16,Short Stop,
87908,2024-10-09 18:23:07,B,0.75,Short Stop,
87909,2024-10-09 18:52:03,B,9.9,Roll Change,
87910,2024-10-09 19:19:47,B,0.08,Short Stop,
87911,2024-10-09 19:55:32,B,6.91,Roll Change,
87912,2024-10-09 19:56:17,B,0.07,Short Stop,
87913,2024-10-09 19:57:02,B,0.07,Short Stop,
87914,2024-10-09 20:25:47,B,1.15,Short Stop,
87915,2024-10-09 20:26:57,B,0.15,Short Stop,
87916,2024-10-09 20:54:47,B,0.07,Short Stop,
87917,2024-10-09 21:18:37,B,0.24,Short Stop,
87918,2024-10-09 21:19:47,B,0.41,Short Stop,
87919,2024-10-09 21:41:38,B,19.34,Slitter Issues,
87920,2024-10-09 21:41:48,B,0.08,Short Stop,
87921,2024-10-09 21:42:33,B,0.42,Short Stop,
87922,2024-10-09 21:42:53,B,0.17,Short Stop,
87923,2024-10-09 21:43:58,B,0.17,Short Stop,
87924,2024-10-09 21:44:53,B,0.17,Short Stop,
87925,2024-10-09 21:45:08,B,0.07,Short Stop,
87926,2024-10-09 21:45:53,B,0.07,Short Stop,
87927,2024-10-09 21:46:43,B,0.15,Short Stop,
87928,2024-10-09 21:47:48,B,0.4,Short Stop,
87929,2024-10-09 21:50:23,B,0.07,Short Stop,
87930,2024-10-09 22:20:58,B,1.07,Short Stop,
87931,2024-10-09 22:35:18,B,9.25,Slitter Issues,
87932,2024-10-09 22:38:53,B,0.16,Short Stop,
87933,2024-10-09 22:58:00,B,15.86,Not Entered,
87934,2024-10-09 23:53:27,C,55.39,Pleater Mechanical or Blade Maint.,
87935,2024-10-10 00:03:32,C,0.5,Short Stop,
87936,2024-10-10 00:04:17,C,0.67,Short Stop,
87937,2024-10-10 00:05:02,C,0.65,Short Stop,
87938,2024-10-10 00:14:52,C,0.32,Short Stop,
87939,2024-10-10 00:28:02,C,4.82,Short Stop,
87940,2024-10-10 00:35:32,C,4.91,Short Stop,
87941,2024-10-10 00:45:17,C,1.5,Short Stop,
87942,2024-10-10 01:07:27,C,4.49,Short Stop,
87943,2024-10-10 01:24:37,C,2.41,Short Stop,
87944,2024-10-10 01:43:52,C,0.33,Short Stop,
87945,2024-10-10 01:44:57,C,0.25,Short Stop,
87946,2024-10-10 02:17:07,C,2.16,Short Stop,
87947,2024-10-10 02:23:32,C,1.75,Short Stop,
87948,2024-10-10 02:59:33,C,1.66,Short Stop,
87949,2024-10-10 03:11:37,C,1.24,Short Stop,
87950,2024-10-10 03:21:37,C,4.0,Short Stop,
87951,2024-10-10 03:37:57,C,4.91,Short Stop,
87952,2024-10-10 04:14:57,C,4.33,Short Stop,
87953,2024-10-10 04:17:22,C,1.91,Short Stop,
87954,2024-10-10 04:17:42,C,0.25,Short Stop,
87955,2024-10-10 04:19:12,C,0.41,Short Stop,
87956,2024-10-10 05:09:02,C,9.23,Waiting for Materials,
87957,2024-10-10 05:10:07,C,0.32,Short Stop,
87958,2024-10-10 05:11:12,C,0.41,Short Stop,
87959,2024-10-10 05:11:32,C,0.07,Short Stop,
87960,2024-10-10 05:48:43,C,2.58,Short Stop,
87961,2024-10-10 05:53:03,C,0.23,Short Stop,
87962,2024-10-10 05:54:08,C,0.32,Short Stop,
87963,2024-10-10 05:55:08,C,0.24,Short Stop,
87964,2024-10-10 05:55:18,C,0.07,Short Stop,
87965,2024-10-10 05:56:23,C,0.41,Short Stop,
87966,2024-10-10 06:03:27,C,0.48,Short Stop,
87967,2024-10-10 06:21:58,C,0.33,Short Stop,
87968,2024-10-10 06:33:28,C,5.33,Pleater Mechanical or Blade Maint.,
87969,2024-10-10 06:44:53,C,1.49,Short Stop,
87970,2024-10-10 06:58:00,C,2.61,,
87971,2024-10-10 07:04:12,A,6.13,Shift Change,
87972,2024-10-10 07:28:13,A,8.09,Staffing,
87973,2024-10-10 07:37:38,A,1.99,Short Stop,
87974,2024-10-10 07:47:23,A,2.24,Short Stop,
87975,2024-10-10 07:48:48,A,0.16,Short Stop,
87976,2024-10-10 07:49:33,A,0.07,Short Stop,
87977,2024-10-10 07:50:43,A,0.24,Short Stop,
87978,2024-10-10 08:17:03,A,2.24,Short Stop,
87979,2024-10-10 08:17:18,A,0.07,Short Stop,
87980,2024-10-10 08:19:43,A,2.24,Short Stop,
87981,2024-10-10 08:22:08,A,1.41,Short Stop,
87982,2024-10-10 08:22:48,A,0.08,Short Stop,
87983,2024-10-10 09:08:37,A,3.41,Short Stop,
87984,2024-10-10 09:10:27,A,0.08,Short Stop,
87985,2024-10-10 09:11:27,A,0.25,Short Stop,
87986,2024-10-10 10:30:28,A,5.99,Roll Change,
87987,2024-10-10 10:32:38,A,0.99,Short Stop,
87988,2024-10-10 10:32:58,A,0.15,Short Stop,
87989,2024-10-10 10:34:23,A,0.32,Short Stop,
87990,2024-10-10 11:09:12,A,2.82,Short Stop,
87991,2024-10-10 11:13:47,A,0.41,Short Stop,
87992,2024-10-10 11:14:12,A,0.24,Short Stop,
87993,2024-10-10 11:15:07,A,0.07,Short Stop,
87994,2024-10-10 11:15:57,A,0.16,Short Stop,
87995,2024-10-10 11:18:22,A,0.08,Short Stop,
87996,2024-10-10 11:22:07,A,2.5,Short Stop,
87997,2024-10-10 11:22:27,A,0.25,Short Stop,
87998,2024-10-10 11:27:52,A,5.24,Roll Change,
87999,2024-10-10 11:29:22,A,0.07,Short Stop,
88000,2024-10-10 11:31:48,A,0.32,Short Stop,
88001,2024-10-10 11:43:23,A,0.83,Short Stop,
88002,2024-10-10 11:56:23,A,0.57,Short Stop,
88003,2024-10-10 12:11:02,A,1.16,Short Stop,
88004,2024-10-10 12:11:27,A,0.32,Short Stop,
88005,2024-10-10 12:12:07,A,0.24,Short Stop,
88006,2024-10-10 12:12:17,A,0.07,Short Stop,
88007,2024-10-10 12:15:27,A,2.66,Short Stop,
88008,2024-10-10 12:15:42,A,0.16,Short Stop,
88009,2024-10-10 12:17:37,A,1.16,Short Stop,
88010,2024-10-10 12:21:37,A,0.08,Short Stop,
88011,2024-10-10 12:38:17,A,0.24,Short Stop,
88012,2024-10-10 12:38:57,A,0.41,Short Stop,
88013,2024-10-10 13:34:42,A,34.99,Shift Change,
88014,2024-10-10 13:35:37,A,0.57,Short Stop,
88015,2024-10-10 13:36:12,A,0.16,Short Stop,
88016,2024-10-10 13:42:22,A,0.08,Short Stop,
88017,2024-10-10 13:44:32,A,0.08,Short Stop,
88018,2024-10-10 14:54:58,A,9.24,Shift Change,
88019,2024-10-10 14:58:03,A,0.03,Short Stop,
88020,2024-10-10 15:09:12,B,10.74,Shift Change,
88021,2024-10-10 16:32:33,B,2.98,Short Stop,
88022,2024-10-10 16:33:18,B,0.07,Short Stop,
88023,2024-10-10 16:34:13,B,0.23,Short Stop,
88024,2024-10-10 16:34:38,B,0.07,Short Stop,
88025,2024-10-10 16:35:38,B,0.74,Short Stop,
88026,2024-10-10 16:36:38,B,0.32,Short Stop,
88027,2024-10-10 16:38:13,B,0.82,Short Stop,
88028,2024-10-10 16:39:03,B,0.32,Short Stop,
88029,2024-10-10 16:46:23,B,7.24,Roll Change,
88030,2024-10-10 16:48:23,B,1.16,Short Stop,
88031,2024-10-10 16:49:33,B,0.16,Short Stop,
88032,2024-10-10 16:51:03,B,0.08,Short Stop,
88033,2024-10-10 17:06:52,B,11.22,Slitter Issues,
88034,2024-10-10 17:08:37,B,0.9,Short Stop,
88035,2024-10-10 17:08:57,B,0.15,Short Stop,
88036,2024-10-10 17:09:32,B,0.4,Short Stop,
88037,2024-10-10 17:30:22,B,6.82,Roll Change,
88038,2024-10-10 17:31:32,B,0.07,Short Stop,
88039,2024-10-10 18:08:22,B,0.66,Short Stop,
88040,2024-10-10 18:14:37,B,0.42,Short Stop,
88041,2024-10-10 18:15:12,B,0.23,Short Stop,
88042,2024-10-10 18:23:27,B,8.16,Staffing,
88043,2024-10-10 18:27:13,B,1.5,Short Stop,
88044,2024-10-10 18:28:33,B,0.15,Short Stop,
88045,2024-10-10 18:29:08,B,0.32,Short Stop,
88046,2024-10-10 18:39:48,B,5.08,Slitter Issues,
88047,2024-10-10 20:20:57,B,90.32,Planned Downtime (PM or Cal),
88048,2024-10-10 20:34:18,B,4.15,Short Stop,
88049,2024-10-10 20:37:38,B,3.24,Short Stop,
88050,2024-10-10 21:36:17,B,5.16,Staffing,
88051,2024-10-10 21:59:52,B,0.66,Short Stop,
88052,2024-10-10 22:08:32,B,7.99,Staffing,
88053,2024-10-10 22:09:32,B,0.83,Short Stop,
88054,2024-10-10 22:09:47,B,0.08,Short Stop,
88055,2024-10-10 22:10:37,B,0.16,Short Stop,
88056,2024-10-10 22:10:52,B,0.08,Short Stop,
88057,2024-10-10 22:11:27,B,0.41,Short Stop,
88058,2024-10-10 22:12:02,B,0.41,Short Stop,
88059,2024-10-10 22:12:32,B,0.41,Short Stop,
88060,2024-10-10 22:13:02,B,0.33,Short Stop,
88061,2024-10-10 22:13:32,B,0.08,Short Stop,
88062,2024-10-10 22:13:42,B,0.08,Short Stop,
88063,2024-10-10 22:14:37,B,0.33,Short Stop,
88064,2024-10-10 22:15:27,B,0.15,Short Stop,
88065,2024-10-10 22:15:57,B,0.07,Short Stop,
88066,2024-10-10 22:16:42,B,0.07,Short Stop,
88067,2024-10-10 22:18:27,B,0.66,Short Stop,
88068,2024-10-10 22:19:12,B,0.49,Short Stop,
88069,2024-10-10 22:20:12,B,0.24,Short Stop,
88070,2024-10-10 22:23:02,B,2.08,Short Stop,
88071,2024-10-10 22:24:38,B,0.25,Short Stop,
88072,2024-10-10 22:30:18,B,5.33,Roll Change,
88073,2024-10-10 22:31:03,B,0.07,Short Stop,
88074,2024-10-10 22:32:08,B,0.33,Short Stop,
88075,2024-10-10 22:33:28,B,0.91,Short Stop,
88076,2024-10-10 22:34:33,B,0.41,Short Stop,
88077,2024-10-10 22:35:18,B,0.08,Short Stop,
88078,2024-10-10 22:36:43,B,0.75,Short Stop,
88079,2024-10-10 22:37:28,B,0.07,Short Stop,
88080,2024-10-10 22:42:48,B,0.07,Short Stop,
88081,2024-10-10 22:56:14,B,9.75,Not Entered,
88082,2024-10-10 22:58:03,B,0.04,Short Stop,
88083,2024-10-10 23:08:43,C,8.72,Shift Change,
88084,2024-10-10 23:21:08,C,4.0,Short Stop,
88085,2024-10-10 23:21:43,C,0.41,Short Stop,
88086,2024-10-10 23:23:08,C,0.16,Short Stop,
88087,2024-10-11 00:03:47,C,0.83,Short Stop,
88088,2024-10-11 00:38:52,C,9.41,Planned Downtime (PM or Cal),
88089,2024-10-11 02:00:47,C,1.41,Short Stop,
88090,2024-10-11 02:03:32,C,0.98,Short Stop,
88091,2024-10-11 02:03:47,C,0.07,Short Stop,
88092,2024-10-11 02:05:28,C,1.07,Short Stop,
88093,2024-10-11 02:07:23,C,0.24,Short Stop,
88094,2024-10-11 02:08:38,C,0.07,Short Stop,
88095,2024-10-11 02:09:13,C,0.49,Short Stop,
88096,2024-10-11 02:09:43,C,0.33,Short Stop,
88097,2024-10-11 02:12:08,C,1.5,Short Stop,
88098,2024-10-11 02:14:08,C,0.42,Short Stop,
88099,2024-10-11 02:17:38,C,3.24,Short Stop,
88100,2024-10-11 02:18:58,C,0.24,Short Stop,
88101,2024-10-11 02:19:48,C,0.07,Short Stop,
88102,2024-10-11 02:25:13,C,0.33,Short Stop,
88103,2024-10-11 02:41:38,C,0.58,Short Stop,
88104,2024-10-11 03:30:38,C,0.65,Short Stop,
88105,2024-10-11 03:39:48,C,8.66,Not Entered,
88106,2024-10-11 05:18:07,C,3.33,Short Stop,
88107,2024-10-11 05:19:52,C,0.5,Short Stop,
88108,2024-10-11 05:20:12,C,0.16,Short Stop,
88109,2024-10-11 05:21:07,C,0.16,Short Stop,
88110,2024-10-11 05:23:22,C,0.5,Short Stop,
88111,2024-10-11 05:33:52,C,3.49,Short Stop,
88112,2024-10-11 05:39:12,C,2.16,Short Stop,
88113,2024-10-11 05:39:47,C,0.41,Short Stop,
88114,2024-10-11 05:43:32,C,3.33,Short Stop,
88115,2024-10-11 05:58:58,C,0.24,Short Stop,
88116,2024-10-11 06:24:27,C,0.48,Short Stop,
88117,2024-10-11 06:58:00,C,12.46,Not Entered,
88118,2024-10-11 07:18:04,A,20.01,Pleater Mechanical or Blade Maint.,
88119,2024-10-11 07:23:59,A,5.83,Roll Change,
88120,2024-10-11 07:27:59,A,3.92,Short Stop,
88121,2024-10-11 07:42:19,A,0.08,Short Stop,
88122,2024-10-11 08:12:22,A,3.07,Short Stop,
88123,2024-10-11 08:14:27,A,0.16,Short Stop,
88124,2024-10-11 08:14:37,A,0.07,Short Stop,
88125,2024-10-11 08:19:27,A,3.33,Short Stop,
88126,2024-10-11 08:20:22,A,0.16,Short Stop,
88127,2024-10-11 08:21:42,A,0.41,Short Stop,
88128,2024-10-11 08:21:57,A,0.08,Short Stop,
88129,2024-10-11 08:22:17,A,0.16,Short Stop,
88130,2024-10-11 08:22:27,A,0.08,Short Stop,
88131,2024-10-11 08:23:07,A,0.08,Short Stop,
88132,2024-10-11 08:48:38,A,24.09,Pleater Mechanical or Blade Maint.,
88133,2024-10-11 08:54:28,A,5.74,Roll Change,
88134,2024-10-11 08:55:23,A,0.57,Short Stop,
88135,2024-10-11 08:56:08,A,0.4,Short Stop,
88136,2024-10-11 08:56:53,A,0.4,Short Stop,
88137,2024-10-11 08:58:03,A,0.57,Short Stop,
88138,2024-10-11 08:59:43,A,0.66,Short Stop,
88139,2024-10-11 09:02:37,A,2.82,Short Stop,
88140,2024-10-11 09:05:27,A,2.57,Short Stop,
88141,2024-10-11 09:05:52,A,0.07,Short Stop,
88142,2024-10-11 09:06:52,A,0.48,Short Stop,
88143,2024-10-11 09:09:17,A,0.15,Short Stop,
88144,2024-10-11 09:11:02,A,0.07,Short Stop,
88145,2024-10-11 09:16:32,A,0.99,Short Stop,
88146,2024-10-11 09:19:02,A,0.33,Short Stop,
88147,2024-10-11 09:22:47,A,2.5,Short Stop,
88148,2024-10-11 09:23:02,A,0.08,Short Stop,
88149,2024-10-11 09:27:22,A,0.23,Short Stop,
88150,2024-10-11 09:30:27,A,1.15,Short Stop,
88151,2024-10-11 09:30:42,A,0.07,Short Stop,
88152,2024-10-11 09:31:47,A,0.15,Short Stop,
88153,2024-10-11 09:34:42,A,2.49,Short Stop,
88154,2024-10-11 09:37:12,A,1.49,Short Stop,
88155,2024-10-11 09:53:12,A,2.82,Short Stop,
88156,2024-10-11 09:56:12,A,0.16,Short Stop,
88157,2024-10-11 10:01:57,A,0.16,Short Stop,
88158,2024-10-11 10:16:37,A,0.33,Short Stop,
88159,2024-10-11 10:17:37,A,0.24,Short Stop,
88160,2024-10-11 10:34:38,A,2.74,Short Stop,
88161,2024-10-11 10:36:08,A,0.24,Short Stop,
88162,2024-10-11 10:49:48,A,0.65,Short Stop,
88163,2024-10-11 11:25:02,A,4.92,Short Stop,
88164,2024-10-11 12:21:07,A,2.75,Short Stop,
88165,2024-10-11 12:25:27,A,0.17,Short Stop,
88166,2024-10-11 12:25:42,A,0.08,Short Stop,
88167,2024-10-11 12:28:07,A,1.32,Short Stop,
88168,2024-10-11 12:29:12,A,0.24,Short Stop,
88169,2024-10-11 12:29:37,A,0.24,Short Stop,
88170,2024-10-11 12:32:17,A,1.32,Short Stop,
88171,2024-10-11 12:33:07,A,0.07,Short Stop,
88172,2024-10-11 12:33:32,A,0.07,Short Stop,
88173,2024-10-11 12:34:07,A,0.24,Short Stop,
88174,2024-10-11 12:35:37,A,0.07,Short Stop,
88175,2024-10-11 12:36:37,A,0.16,Short Stop,
88176,2024-10-11 12:36:52,A,0.07,Short Stop,
88177,2024-10-11 12:37:17,A,0.24,Short Stop,
88178,2024-10-11 12:37:37,A,0.16,Short Stop,
88179,2024-10-11 12:37:57,A,0.24,Short Stop,
88180,2024-10-11 12:38:22,A,0.16,Short Stop,
88181,2024-10-11 12:41:37,A,2.99,Short Stop,
88182,2024-10-11 12:42:57,A,0.08,Short Stop,
88183,2024-10-11 12:43:37,A,0.25,Short Stop,
88184,2024-10-11 12:44:27,A,0.25,Short Stop,
88185,2024-10-11 12:45:17,A,0.16,Short Stop,
88186,2024-10-11 12:45:57,A,0.08,Short Stop,
88187,2024-10-11 12:47:42,A,0.25,Short Stop,
88188,2024-10-11 12:48:27,A,0.08,Short Stop,
88189,2024-10-11 12:49:57,A,0.57,Short Stop,
88190,2024-10-11 12:50:17,A,0.15,Short Stop,
88191,2024-10-11 12:59:18,A,7.33,Roll Change,
88192,2024-10-11 13:05:57,A,6.56,Roll Change,
88193,2024-10-11 13:08:27,A,2.15,Short Stop,
88194,2024-10-11 13:09:12,A,0.07,Short Stop,
88195,2024-10-11 13:14:07,A,1.82,Short Stop,
88196,2024-10-11 13:47:38,A,2.32,Short Stop,
88197,2024-10-11 13:52:53,A,0.74,Short Stop,
88198,2024-10-11 14:51:43,A,7.16,Not Entered,
88199,2024-10-11 14:58:00,A,0.03,Short Stop,
88200,2024-10-11 15:13:13,B,15.15,Pleater Mechanical or Blade Maint.,
88201,2024-10-11 15:21:08,B,0.33,Short Stop,
88202,2024-10-11 15:25:13,B,0.33,Short Stop,
88203,2024-10-11 16:13:47,B,1.66,Short Stop,
88204,2024-10-11 16:15:22,B,0.99,Short Stop,
88205,2024-10-11 16:16:17,B,0.08,Short Stop,
88206,2024-10-11 16:16:32,B,0.08,Short Stop,
88207,2024-10-11 16:31:57,B,0.32,Short Stop,
88208,2024-10-11 16:32:22,B,0.15,Short Stop,
88209,2024-10-11 16:36:52,B,1.07,Short Stop,
88210,2024-10-11 16:39:02,B,0.08,Short Stop,
88211,2024-10-11 16:50:17,B,2.9,Short Stop,
88212,2024-10-11 16:52:22,B,0.32,Short Stop,
88213,2024-10-11 16:52:42,B,0.07,Short Stop,
88214,2024-10-11 16:55:22,B,0.91,Short Stop,
88215,2024-10-11 16:57:12,B,1.08,Short Stop,
88216,2024-10-11 16:58:02,B,0.08,Short Stop,
88217,2024-10-11 16:58:52,B,0.08,Short Stop,
88218,2024-10-11 16:59:37,B,0.08,Short Stop,
88219,2024-10-11 17:01:02,B,0.5,Short Stop,
88220,2024-10-11 17:01:57,B,0.16,Short Stop,
88221,2024-10-11 17:02:12,B,0.08,Short Stop,
88222,2024-10-11 17:03:02,B,0.17,Short Stop,
88223,2024-10-11 17:07:07,B,2.57,Short Stop,
88224,2024-10-11 17:07:57,B,0.15,Short Stop,
88225,2024-10-11 17:09:02,B,0.9,Short Stop,
88226,2024-10-11 17:09:37,B,0.15,Short Stop,
88227,2024-10-11 17:10:27,B,0.15,Short Stop,
88228,2024-10-11 17:11:22,B,0.16,Short Stop,
88229,2024-10-11 17:12:12,B,0.16,Short Stop,
88230,2024-10-11 17:12:27,B,0.07,Short Stop,
88231,2024-10-11 17:13:17,B,0.16,Short Stop,
88232,2024-10-11 17:16:17,B,2.33,Short Stop,
88233,2024-10-11 17:16:32,B,0.08,Short Stop,
88234,2024-10-11 17:17:23,B,0.16,Short Stop,
88235,2024-10-11 17:18:28,B,0.41,Short Stop,
88236,2024-10-11 17:19:13,B,0.08,Short Stop,
88237,2024-10-11 17:23:23,B,3.5,Short Stop,
88238,2024-10-11 17:24:13,B,0.17,Short Stop,
88239,2024-10-11 17:28:48,B,3.9,Short Stop,
88240,2024-10-11 17:29:43,B,0.24,Short Stop,
88241,2024-10-11 17:31:03,B,0.65,Short Stop,
88242,2024-10-11 17:31:53,B,0.15,Short Stop,
88243,2024-10-11 17:32:38,B,0.07,Short Stop,
88244,2024-10-11 17:35:38,B,1.49,Short Stop,
88245,2024-10-11 17:39:13,B,1.0,Short Stop,
88246,2024-10-11 17:39:58,B,0.08,Short Stop,
88247,2024-10-11 17:41:18,B,0.66,Short Stop,
88248,2024-10-11 17:42:18,B,0.25,Short Stop,
88249,2024-10-11 17:58:48,B,10.5,Roll Change,
88250,2024-10-11 19:47:30,B,3.49,Short Stop,
88251,2024-10-11 19:49:00,B,0.07,Short Stop,
88252,2024-10-11 19:50:00,B,0.07,Short Stop,
88253,2024-10-11 19:51:10,B,0.49,Short Stop,
88254,2024-10-11 20:20:38,B,0.4,Short Stop,
88255,2024-10-11 20:21:23,B,0.07,Short Stop,
88256,2024-10-11 20:22:08,B,0.07,Short Stop,
88257,2024-10-11 20:22:38,B,0.32,Short Stop,
88258,2024-10-11 20:25:13,B,2.32,Short Stop,
88259,2024-10-11 20:26:13,B,0.74,Short Stop,
88260,2024-10-11 20:59:29,B,0.33,Short Stop,
88261,2024-10-11 21:06:39,B,1.07,Short Stop,
88262,2024-10-11 21:23:43,B,1.9,Short Stop,
88263,2024-10-11 21:31:58,B,0.25,Short Stop,
88264,2024-10-11 21:34:58,B,1.83,Short Stop,
88265,2024-10-11 22:42:53,B,0.24,Short Stop,
88266,2024-10-12 06:58:23,E,479.49,Did Not Run,
88267,2024-10-12 14:58:23,D,479.99,Did Not Run,
88268,2024-10-12 22:58:00,E,479.61,Did Not Run,
88269,2024-10-13 06:58:00,E,479.93,Did Not Run,
88270,2024-10-13 14:58:00,D,479.95,Did Not Run,
88271,2024-10-13 22:58:00,E,479.95,Did Not Run,
88272,2024-10-14 00:25:19,C,87.25,Waiting for Materials,
88273,2024-10-14 00:35:04,C,4.25,Short Stop,
88274,2024-10-14 00:45:59,C,7.9,Planned Downtime (PM or Cal),
88275,2024-10-14 00:46:59,C,0.65,Short Stop,
88276,2024-10-14 00:47:49,C,0.32,Short Stop,
88277,2024-10-14 00:48:24,C,0.07,Short Stop,
88278,2024-10-14 00:48:39,C,0.07,Short Stop,
88279,2024-10-14 00:49:04,C,0.32,Short Stop,
88280,2024-10-14 02:44:33,C,1.15,Short Stop,
88281,2024-10-14 02:59:39,C,1.23,Short Stop,
88282,2024-10-14 03:26:18,C,10.07,Pleater Mechanical or Blade Maint.,
88283,2024-10-14 03:38:14,C,7.67,Planned Downtime (PM or Cal),
88284,2024-10-14 04:13:39,C,21.41,Staffing,
88285,2024-10-14 04:40:49,C,27.07,Staffing,
88286,2024-10-14 04:45:54,C,0.49,Short Stop,
88287,2024-10-14 04:55:39,C,0.08,Short Stop,
88288,2024-10-14 05:47:04,C,7.33,Roll Change,
88289,2024-10-14 06:11:29,C,1.49,Short Stop,
88290,2024-10-14 06:12:44,C,0.65,Short Stop,
88291,2024-10-14 06:22:28,C,2.9,Short Stop,
88292,2024-10-14 06:23:48,C,0.15,Short Stop,
88293,2024-10-14 06:28:18,C,2.66,Short Stop,
88294,2024-10-14 06:29:03,C,0.16,Short Stop,
88295,2024-10-14 06:29:23,C,0.16,Short Stop,
88296,2024-10-14 06:38:38,C,5.0,Short Stop,
88297,2024-10-14 06:58:00,C,8.93,Not Entered,
88298,2024-10-14 07:03:24,A,5.33,Shift Change,
88299,2024-10-14 07:29:23,A,8.33,Roll Change,
88300,2024-10-14 08:03:09,A,0.23,Short Stop,
88301,2024-10-14 08:03:54,A,0.07,Short Stop,
88302,2024-10-14 08:04:49,A,0.24,Short Stop,
88303,2024-10-14 08:12:39,A,0.57,Short Stop,
88304,2024-10-14 08:26:23,A,1.16,Short Stop,
88305,2024-10-14 08:49:13,A,2.49,Short Stop,
88306,2024-10-14 08:49:33,A,0.16,Short Stop,
88307,2024-10-14 08:50:38,A,0.41,Short Stop,
88308,2024-10-14 08:51:28,A,0.08,Short Stop,
88309,2024-10-14 08:53:13,A,0.16,Short Stop,
88310,2024-10-14 08:54:03,A,0.16,Short Stop,
88311,2024-10-14 08:56:38,A,0.41,Short Stop,
88312,2024-10-14 08:57:38,A,0.08,Short Stop,
88313,2024-10-14 09:07:14,A,3.99,Short Stop,
88314,2024-10-14 09:07:28,A,0.07,Short Stop,
88315,2024-10-14 09:08:24,A,0.15,Short Stop,
88316,2024-10-14 09:08:39,A,0.07,Short Stop,
88317,2024-10-14 09:09:24,A,0.07,Short Stop,
88318,2024-10-14 09:10:59,A,0.16,Short Stop,
88319,2024-10-14 09:11:49,A,0.16,Short Stop,
88320,2024-10-14 09:29:38,A,2.66,Short Stop,
88321,2024-10-14 10:09:04,A,2.92,Short Stop,
88322,2024-10-14 10:11:39,A,0.17,Short Stop,
88323,2024-10-14 10:13:44,A,1.15,Short Stop,
88324,2024-10-14 10:20:28,A,0.57,Short Stop,
88325,2024-10-14 10:26:19,A,4.49,Short Stop,
88326,2024-10-14 10:26:34,A,0.16,Short Stop,
88327,2024-10-14 10:26:44,A,0.07,Short Stop,
88328,2024-10-14 10:27:29,A,0.07,Short Stop,
88329,2024-10-14 10:27:44,A,0.07,Short Stop,
88330,2024-10-14 10:38:44,A,4.33,Short Stop,
88331,2024-10-14 10:57:54,A,0.25,Short Stop,
88332,2024-10-14 11:01:14,A,0.17,Short Stop,
88333,2024-10-14 11:26:44,A,5.99,Roll Change,
88334,2024-10-14 11:58:09,A,1.58,Short Stop,
88335,2024-10-14 12:37:03,A,3.25,Short Stop,
88336,2024-10-14 12:37:18,A,0.16,Short Stop,
88337,2024-10-14 12:46:34,A,2.99,Short Stop,
88338,2024-10-14 12:49:39,A,2.99,Short Stop,
88339,2024-10-14 12:57:24,A,2.58,Short Stop,
88340,2024-10-14 13:34:18,A,0.99,Short Stop,
88341,2024-10-14 13:37:53,A,0.58,Short Stop,
88342,2024-10-14 13:57:09,A,0.41,Short Stop,
88343,2024-10-14 14:00:04,A,1.17,Short Stop,
88344,2024-10-14 14:01:14,A,0.17,Short Stop,
88345,2024-10-14 14:02:04,A,0.08,Short Stop,
88346,2024-10-14 14:03:44,A,0.15,Short Stop,
88347,2024-10-14 14:03:59,A,0.15,Short Stop,
88348,2024-10-14 14:11:19,A,5.91,Roll Change,
88349,2024-10-14 14:11:34,A,0.07,Short Stop,
88350,2024-10-14 14:12:34,A,0.32,Short Stop,
88351,2024-10-14 14:13:34,A,0.33,Short Stop,
88352,2024-10-14 14:54:34,A,9.41,Shift Change,
88353,2024-10-14 14:58:03,A,0.03,Short Stop,
88354,2024-10-14 14:59:14,A,1.15,Short Stop,
88355,2024-10-14 15:10:34,B,11.24,Slitter Issues,
88356,2024-10-14 15:54:09,B,4.08,Short Stop,
88357,2024-10-14 15:55:39,B,0.25,Short Stop,
88358,2024-10-14 16:56:39,B,3.41,Short Stop,
88359,2024-10-14 16:58:19,B,0.08,Short Stop,
88360,2024-10-14 16:58:59,B,0.41,Short Stop,
88361,2024-10-14 16:59:49,B,0.16,Short Stop,
88362,2024-10-14 16:59:59,B,0.08,Short Stop,
88363,2024-10-14 17:00:49,B,0.16,Short Stop,
88364,2024-10-14 17:01:39,B,0.16,Short Stop,
88365,2024-10-14 17:01:54,B,0.17,Short Stop,
88366,2024-10-14 17:03:19,B,0.42,Short Stop,
88367,2024-10-14 17:04:39,B,0.42,Short Stop,
88368,2024-10-14 17:05:04,B,0.23,Short Stop,
88369,2024-10-14 17:05:49,B,0.07,Short Stop,
88370,2024-10-14 17:16:48,B,0.92,Short Stop,
88371,2024-10-14 17:18:18,B,0.07,Short Stop,
88372,2024-10-14 17:20:33,B,0.4,Short Stop,
88373,2024-10-14 17:24:43,B,0.41,Short Stop,
88374,2024-10-14 17:37:23,B,1.67,Short Stop,
88375,2024-10-14 17:39:58,B,1.82,Short Stop,
88376,2024-10-14 17:40:43,B,0.07,Short Stop,
88377,2024-10-14 17:41:38,B,0.07,Short Stop,
88378,2024-10-14 17:46:23,B,0.07,Short Stop,
88379,2024-10-14 18:24:08,B,0.07,Short Stop,
88380,2024-10-14 18:28:18,B,1.82,Short Stop,
88381,2024-10-14 18:30:43,B,0.24,Short Stop,
88382,2024-10-14 18:47:18,B,0.24,Short Stop,
88383,2024-10-14 18:47:33,B,0.07,Short Stop,
88384,2024-10-14 19:42:34,B,2.49,Short Stop,
88385,2024-10-14 19:44:09,B,1.24,Short Stop,
88386,2024-10-14 19:45:49,B,0.74,Short Stop,
88387,2024-10-14 19:56:14,B,0.33,Short Stop,
88388,2024-10-14 20:25:58,B,0.49,Short Stop,
88389,2024-10-14 20:42:54,B,3.24,Short Stop,
88390,2024-10-14 20:43:04,B,0.07,Short Stop,
88391,2024-10-14 20:43:49,B,0.15,Short Stop,
88392,2024-10-14 20:44:44,B,0.24,Short Stop,
88393,2024-10-14 20:45:49,B,0.24,Short Stop,
88394,2024-10-14 20:46:44,B,0.49,Short Stop,
88395,2024-10-14 20:49:04,B,0.07,Short Stop,
88396,2024-10-14 21:07:04,B,6.99,Not Entered,
88397,2024-10-14 21:18:34,B,2.25,Short Stop,
88398,2024-10-14 21:18:54,B,0.08,Short Stop,
88399,2024-10-14 21:19:49,B,0.15,Short Stop,
88400,2024-10-14 21:20:44,B,0.15,Short Stop,
88401,2024-10-14 21:21:24,B,0.15,Short Stop,
88402,2024-10-14 21:22:24,B,0.9,Short Stop,
88403,2024-10-14 21:22:54,B,0.15,Short Stop,
88404,2024-10-14 21:23:54,B,0.24,Short Stop,
88405,2024-10-14 21:24:44,B,0.15,Short Stop,
88406,2024-10-14 21:26:24,B,0.07,Short Stop,
88407,2024-10-14 21:26:59,B,0.07,Short Stop,
88408,2024-10-14 21:27:44,B,0.07,Short Stop,
88409,2024-10-14 21:28:34,B,0.07,Short Stop,
88410,2024-10-14 21:29:04,B,0.07,Short Stop,
88411,2024-10-14 21:30:19,B,0.58,Short Stop,
88412,2024-10-14 21:30:34,B,0.16,Short Stop,
88413,2024-10-14 21:31:24,B,0.16,Short Stop,
88414,2024-10-14 21:32:09,B,0.08,Short Stop,
88415,2024-10-14 21:32:59,B,0.08,Short Stop,
88416,2024-10-14 21:33:44,B,0.08,Short Stop,
88417,2024-10-14 21:34:34,B,0.16,Short Stop,
88418,2024-10-14 21:37:09,B,1.58,Short Stop,
88419,2024-10-14 21:54:54,B,0.33,Short Stop,
88420,2024-10-14 22:56:24,B,11.08,Not Entered,
88421,2024-10-14 22:58:03,B,0.04,Short Stop,
88422,2024-10-14 23:08:12,C,8.7,,
88423,2024-10-14 23:26:37,C,0.82,Short Stop,
88424,2024-10-14 23:26:47,C,0.07,Short Stop,
88425,2024-10-14 23:47:28,C,5.32,Pleater Mechanical or Blade Maint.,
88426,2024-10-14 23:51:23,C,3.82,Short Stop,
88427,2024-10-15 00:04:06,C,1.42,Short Stop,
88428,2024-10-15 00:06:11,C,1.9,Short Stop,
88429,2024-10-15 00:06:51,C,0.07,Short Stop,
88430,2024-10-15 00:40:56,C,11.16,Pleater Mechanical or Blade Maint.,
88431,2024-10-15 00:45:11,C,0.17,Short Stop,
88432,2024-10-15 00:46:07,C,0.17,Short Stop,
88433,2024-10-15 00:48:12,C,1.9,Short Stop,
88434,2024-10-15 00:48:57,C,0.65,Short Stop,
88435,2024-10-15 00:51:42,C,1.49,Short Stop,
88436,2024-10-15 00:52:32,C,0.15,Short Stop,
88437,2024-10-15 00:54:02,C,0.57,Short Stop,
88438,2024-10-15 00:54:47,C,0.07,Short Stop,
88439,2024-10-15 00:55:12,C,0.32,Short Stop,
88440,2024-10-15 00:55:22,C,0.07,Short Stop,
88441,2024-10-15 00:57:27,C,0.33,Short Stop,
88442,2024-10-15 00:58:27,C,0.24,Short Stop,
88443,2024-10-15 00:59:07,C,0.41,Short Stop,
88444,2024-10-15 00:59:22,C,0.08,Short Stop,
88445,2024-10-15 01:01:01,C,0.16,Short Stop,
88446,2024-10-15 01:01:16,C,0.08,Short Stop,
88447,2024-10-15 01:02:06,C,0.08,Short Stop,
88448,2024-10-15 01:02:21,C,0.08,Short Stop,
88449,2024-10-15 01:02:41,C,0.16,Short Stop,
88450,2024-10-15 01:03:26,C,0.58,Short Stop,
88451,2024-10-15 01:04:26,C,0.08,Short Stop,
88452,2024-10-15 01:04:51,C,0.25,Short Stop,
88453,2024-10-15 01:05:16,C,0.23,Short Stop,
88454,2024-10-15 01:08:51,C,0.07,Short Stop,
88455,2024-10-15 01:14:36,C,2.07,Short Stop,
88456,2024-10-15 01:16:26,C,0.08,Short Stop,
88457,2024-10-15 01:22:46,C,1.75,Short Stop,
88458,2024-10-15 01:24:41,C,0.58,Short Stop,
88459,2024-10-15 01:25:26,C,0.08,Short Stop,
88460,2024-10-15 03:36:47,C,5.65,Not Entered,
88461,2024-10-15 03:53:02,C,6.25,Not Entered,
88462,2024-10-15 03:53:37,C,0.42,Short Stop,
88463,2024-10-15 03:53:52,C,0.08,Short Stop,
88464,2024-10-15 03:54:02,C,0.08,Short Stop,
88465,2024-10-15 03:54:52,C,0.07,Short Stop,
88466,2024-10-15 03:55:12,C,0.07,Short Stop,
88467,2024-10-15 03:55:22,C,0.07,Short Stop,
88468,2024-10-15 03:55:37,C,0.07,Short Stop,
88469,2024-10-15 03:56:02,C,0.23,Short Stop,
88470,2024-10-15 03:56:12,C,0.07,Short Stop,
88471,2024-10-15 03:56:42,C,0.32,Short Stop,
88472,2024-10-15 03:57:07,C,0.32,Short Stop,
88473,2024-10-15 03:57:27,C,0.15,Short Stop,
88474,2024-10-15 03:57:47,C,0.15,Short Stop,
88475,2024-10-15 03:59:47,C,0.24,Short Stop,
88476,2024-10-15 04:29:01,C,1.32,Short Stop,
88477,2024-10-15 05:09:06,C,3.32,Short Stop,
88478,2024-10-15 05:10:21,C,0.99,Short Stop,
88479,2024-10-15 05:11:26,C,0.07,Short Stop,
88480,2024-10-15 05:11:51,C,0.07,Short Stop,
88481,2024-10-15 05:26:51,C,0.48,Short Stop,
88482,2024-10-15 05:30:16,C,0.57,Short Stop,
