{"name":"0dfd85d3-352f-409d-868c-83818e0fc5b0","id":"/providers/Microsoft.Flow/flows/0dfd85d3-352f-409d-868c-83818e0fc5b0","type":"Microsoft.Flow/flows","properties":{"apiId":"/providers/Microsoft.PowerApps/apis/shared_logicflows","displayName":"flow_get_units_range_v2","definition":{"metadata":{"workflowEntityId":null,"processAdvisorMetadata":null,"flowChargedByPaygo":null,"flowclientsuspensionreason":"None","flowclientsuspensiontime":null,"flowclientsuspensionreasondetails":null,"creator":{"id":"045ad676-fe60-4b60-848e-cd4b46f08238","type":"User","tenantId":"db76fb59-a377-4120-bc54-59dead7d39c9"},"provisioningMethod":"FromDefinition","failureAlertSubscription":true,"clientLastModifiedTime":"2024-05-30T16:13:57.1781544Z","connectionKeySavedTimeKey":"2024-05-30T16:13:57.1781544Z"},"$schema":"https://schema.management.azure.com/providers/Microsoft.Logic/schemas/2016-06-01/workflowdefinition.json#","contentVersion":"1.0.0.0","parameters":{"$authentication":{"defaultValue":{},"type":"SecureObject"},"$connections":{"defaultValue":{},"type":"Object"}},"triggers":{"manual":{"metadata":{"operationMetadataId":"fe98a7b3-5daa-4e2b-896c-e493ae5d6e43"},"type":"Request","kind":"PowerAppV2","inputs":{"schema":{"type":"object","properties":{"text":{"title":"input_line","type":"string","x-ms-dynamically-added":true,"description":"Please enter your input","x-ms-content-hint":"TEXT"},"date":{"title":"input_end_date","type":"string","format":"date","x-ms-dynamically-added":true,"description":"Please enter or select a date (YYYY-MM-DD)","x-ms-content-hint":"DATE"},"date_1":{"title":"input_start_date","type":"string","format":"date","x-ms-dynamically-added":true,"description":"Please enter or select a date (YYYY-MM-DD)","x-ms-content-hint":"DATE"}},"required":["text","date","date_1"]}}}},"actions":{"Condition":{"actions":{"Get_all_items":{"metadata":{"operationMetadataId":"e28a41a0-a420-49e7-b09d-90295242e49c"},"type":"OpenApiConnection","inputs":{"parameters":{"dataset":"https://mdigital.sharepoint.com/sites/RaysTest","table":"bde7230b-9638-46c8-959b-d34fe18a54cf","$filter":"Hour_Ending ge '@{triggerBody()?['date_1']}T00:00:00Z' and Hour_Ending lt '@{addDays(triggerBody()['date'], 1, 'yyyy-MM-dd')}T05:00:00Z'","$orderby":"Hour_Ending desc"},"host":{"apiId":"/providers/Microsoft.PowerApps/apis/shared_sharepointonline","connectionName":"shared_sharepointonline","operationId":"GetItems"},"authentication":{"value":"@json(decodeBase64(triggerOutputs().headers['X-MS-APIM-Tokens']))['$ConnectionKey']","type":"Raw"}},"runtimeConfiguration":{"paginationPolicy":{"minimumItemCount":100000}}},"Select_All":{"runAfter":{"Get_all_items":["Succeeded"]},"metadata":{"operationMetadataId":"6d22672f-9145-47d8-b7a5-0b0ad077b785"},"type":"Select","inputs":{"from":"@outputs('Get_all_items')?['body/value']","select":{"_ID":"@item()?['ID']","_line":"@item()?['Line']?['Value']","_hour_starting":"@item()?['Hour_Starting']","_hour_ending":"@item()?['Hour_Ending']","_amount_built":"@item()?['Amount_Built']","_unit_starting":"@item()?['Unit_Starting']","_unit_ending":"@item()?['Unit_Ending']","_qa":"@item()?['QA_Units']","_reject_labels":"@item()?['Reject_Labels']","_reject_units":"@item()?['Reject_Units']","_reject_cartridges":"@item()?['Reject_Cartridges']","_quality":"@item()?['Quality']","_safety":"@item()?['Safety']","_shift":"@item()?['Shift_Letter']","_created":"@item()?['Created']","_modified":"@item()?['Modified']","_edit_person":"@item()?['Edit_Person']","_edit_reason":"@item()?['Edit_Reason']","_runner":"@item()?['Runner']","_middle":"@item()?['Middle']","_bagger":"@item()?['Bagger']","_packager":"@item()?['Packager']","_goal":"@item()?['Hourly_Goal']","_lot":"@item()?['Title']","_catalog":"@item()?['Catalog']","_size":"@item()?['Size']"}}},"Compose_All":{"runAfter":{"Select_All":["Succeeded"]},"metadata":{"operationMetadataId":"32ffd7f9-bd55-45c0-8289-de81babe1efb"},"type":"Compose","inputs":"@body('Select_All')"},"Respond_to_a_PowerApp_or_flow_for_All":{"runAfter":{"Compose_All":["Succeeded"]},"metadata":{"operationMetadataId":"ed316230-090b-4c38-a0aa-18702e58ffb4"},"type":"Response","kind":"PowerApp","inputs":{"schema":{"type":"object","properties":{"output":{"title":"output","x-ms-dynamically-added":true,"type":"string"}},"additionalProperties":{}},"statusCode":200,"body":{"output":"@{outputs('Compose_All')}"}}}},"runAfter":{},"else":{"actions":{"Get_filtered_items":{"metadata":{"operationMetadataId":"e28a41a0-a420-49e7-b09d-90295242e49c"},"type":"OpenApiConnection","inputs":{"parameters":{"dataset":"https://mdigital.sharepoint.com/sites/RaysTest","table":"bde7230b-9638-46c8-959b-d34fe18a54cf","$filter":"Line eq '@{triggerBody()['text']}' and Hour_Ending ge '@{triggerBody()?['date_1']}T00:00:00Z' and Hour_Ending lt '@{addDays(triggerBody()['date'], 1, 'yyyy-MM-dd')}T05:00:00Z'","$orderby":"Hour_Ending desc"},"host":{"apiId":"/providers/Microsoft.PowerApps/apis/shared_sharepointonline","connectionName":"shared_sharepointonline","operationId":"GetItems"},"authentication":{"value":"@json(decodeBase64(triggerOutputs().headers['X-MS-APIM-Tokens']))['$ConnectionKey']","type":"Raw"}},"runtimeConfiguration":{"paginationPolicy":{"minimumItemCount":100000}}},"Select_filtered":{"runAfter":{"Get_filtered_items":["Succeeded"]},"metadata":{"operationMetadataId":"f72694ee-f47a-4f87-847c-88386a29494c"},"type":"Select","inputs":{"from":"@outputs('Get_filtered_items')?['body/value']","select":{"_ID":"@item()?['ID']","_line":"@item()?['Line']?['Value']","_hour_starting":"@item()?['Hour_Starting']","_hour_ending":"@item()?['Hour_Ending']","_amount_built":"@item()?['Amount_Built']","_unit_starting":"@item()?['Unit_Starting']","_unit_ending":"@item()?['Unit_Ending']","_qa":"@item()?['QA_Units']","_reject_labels":"@item()?['Reject_Labels']","_reject_units":"@item()?['Reject_Units']","_reject_cartridges":"@item()?['Reject_Cartridges']","_quality":"@item()?['Quality']","_safety":"@item()?['Safety']","_shift_letter":"@item()?['Shift_Letter']","_created":"@item()?['Created']","_modified":"@item()?['Modified']","_edit_person":"@item()?['Edit_Person']","_edit_reason":"@item()?['Edit_Reason']","_runner":"@item()?['Runner']","_middle":"@item()?['Middle']","_bagger":"@item()?['Bagger']","_packager":"@item()?['Packager']","_goal":"@item()?['Hourly_Goal']","_lot":"@item()?['Title']","_catalog":"@item()?['Catalog']","_size":"@item()?['Size']"}}},"Compose_filtered":{"runAfter":{"Select_filtered":["Succeeded"]},"metadata":{"operationMetadataId":"2a615385-d646-4b82-950c-d3aa82a0dca7"},"type":"Compose","inputs":"@body('Select_filtered')"},"Respond_to_a_PowerApp_or_flow":{"runAfter":{"Compose_filtered":["Succeeded"]},"metadata":{"operationMetadataId":"9d0057f5-ab1d-43cc-8752-d0cb6fd3eff8"},"type":"Response","kind":"PowerApp","inputs":{"schema":{"type":"object","properties":{"output":{"title":"output","x-ms-dynamically-added":true,"type":"string"}},"additionalProperties":{}},"statusCode":200,"body":{"output":"@{outputs('Compose_filtered')}"}}}}},"expression":{"equals":["@triggerBody()['text']","All"]},"metadata":{"operationMetadataId":"1aae6b94-d53d-4ae6-bc7e-406708b63819"},"type":"If"}}},"connectionReferences":{"shared_sharepointonline":{"connectionName":"624e4cdc2b504769a1171cc52500116c","source":"Invoker","id":"/providers/Microsoft.PowerApps/apis/shared_sharepointonline","tier":"NotSpecified"}},"flowFailureAlertSubscribed":false,"isManaged":false}}